{
  "Strawberry": {
    "precision": 0.9906360626220703,
    "recall": 0.9290732574462891,
    "f1-score": 0.9588675689697266,
    "support": 31314
  },
  "Cowpea": {
    "precision": 0.9773117065429687,
    "recall": 0.751867904663086,
    "f1-score": 0.8498934936523438,
    "support": 15927
  },
  "Soybean": {
    "precision": 0.9812613677978516,
    "recall": 0.9744479370117187,
    "f1-score": 0.977842788696289,
    "support": 7201
  },
  "Sorghum": {
    "precision": 0.9986569976806641,
    "recall": 0.9922604370117187,
    "f1-score": 0.9954483795166016,
    "support": 3747
  },
  "Water spinach": {
    "precision": 0.96,
    "recall": 1.0,
    "f1-score": 0.9795917510986328,
    "support": 840
  },
  "Watermelon": {
    "precision": 0.8234928131103516,
    "recall": 0.8351717376708985,
    "f1-score": 0.8292912292480469,
    "support": 3173
  },
  "Greens": {
    "precision": 0.6227976226806641,
    "recall": 0.9837850952148437,
    "f1-score": 0.7627357482910156,
    "support": 4132
  },
  "Trees": {
    "precision": 0.8259647369384766,
    "recall": 0.8640336608886718,
    "f1-score": 0.8445704650878906,
    "support": 12584
  },
  "Grass": {
    "precision": 0.7437430572509766,
    "recall": 0.8070307922363281,
    "f1-score": 0.7740955352783203,
    "support": 6628
  },
  "Red roof": {
    "precision": 0.9895803833007812,
    "recall": 0.9547615814208984,
    "f1-score": 0.9718592071533203,
    "support": 7361
  },
  "Gray roof": {
    "precision": 0.9125639343261719,
    "recall": 0.9645210266113281,
    "f1-score": 0.9378234100341797,
    "support": 11838
  },
  "Plastic": {
    "precision": 0.6080283355712891,
    "recall": 1.0,
    "f1-score": 0.7562407684326172,
    "support": 2575
  },
  "accuracy": 0.9001211330600074,
  "macro avg": {
    "precision": 0.8695030867464014,
    "recall": 0.9214127970578905,
    "f1-score": 0.8865217098244152,
    "support": 107320.0
  },
  "weighted avg": {
    "precision": 0.916544631308578,
    "recall": 0.9001211330600074,
    "f1-score": 0.9029198202239818,
    "support": 107320.0
  },
  "torch_metrics": {
    "overall_accuracy": 90.01211547851562,
    "balanced_accuracy": 92.14127349853516,
    "average_accuracy": 92.14127349853516,
    "kappa": 88.35054779052734,
    "f1_macro": 88.65216064453125,
    "per_class_accuracy": {
      "0": 92.9073257446289,
      "1": 75.1867904663086,
      "2": 97.44479370117188,
      "3": 99.22604370117188,
      "4": 100.0,
      "5": 83.51717376708984,
      "6": 98.37850952148438,
      "7": 86.40336608886719,
      "8": 80.70307922363281,
      "9": 95.47615814208984,
      "10": 96.45210266113281,
      "11": 100.0
    },
    "precision": {
      "0": 99.06360626220703,
      "1": 97.73117065429688,
      "2": 98.12613677978516,
      "3": 99.8656997680664,
      "4": 96.0,
      "5": 82.34928131103516,
      "6": 62.279762268066406,
      "7": 82.59647369384766,
      "8": 74.37430572509766,
      "9": 98.95803833007812,
      "10": 91.25639343261719,
      "11": 60.802833557128906
    },
    "recall": {
      "0": 92.9073257446289,
      "1": 75.1867904663086,
      "2": 97.44479370117188,
      "3": 99.22604370117188,
      "4": 100.0,
      "5": 83.51717376708984,
      "6": 98.37850952148438,
      "7": 86.40336608886719,
      "8": 80.70307922363281,
      "9": 95.47615814208984,
      "10": 96.45210266113281,
      "11": 100.0
    },
    "f1_per_class": {
      "0": 95.88675689697266,
      "1": 84.98934936523438,
      "2": 97.7842788696289,
      "3": 99.54483795166016,
      "4": 97.95917510986328,
      "5": 82.92912292480469,
      "6": 76.27357482910156,
      "7": 84.45704650878906,
      "8": 77.40955352783203,
      "9": 97.18592071533203,
      "10": 93.78234100341797,
      "11": 75.62407684326172
    },
    "support": {
      "0": 31314,
      "1": 15927,
      "2": 7201,
      "3": 3747,
      "4": 840,
      "5": 3173,
      "6": 4132,
      "7": 12584,
      "8": 6628,
      "9": 7361,
      "10": 11838,
      "11": 2575
    },
    "predicted_count": {
      "0": 29368,
      "1": 12253,
      "2": 7151,
      "3": 3723,
      "4": 875,
      "5": 3218,
      "6": 6527,
      "7": 13164,
      "8": 7192,
      "9": 7102,
      "10": 12512,
      "11": 4235
    },
    "confusion_matrix": [
      [
        29093,
        0,
        0,
        0,
        0,
        196,
        0,
        0,
        157,
        25,
        479,
        1364
      ],
      [
        49,
        11975,
        0,
        0,
        0,
        77,
        1152,
        1712,
        953,
        4,
        5,
        0
      ],
      [
        0,
        0,
        7017,
        3,
        0,
        26,
        0,
        155,
        0,
        0,
        0,
        0
      ],
      [
        0,
        0,
        13,
        3718,
        0,
        0,
        0,
        0,
        16,
        0,
        0,
        0
      ],
      [
        0,
        0,
        0,
        0,
        840,
        0,
        0,
        0,
        0,
        0,
        0,
        0
      ],
      [
        88,
        1,
        0,
        0,
        0,
        2650,
        0,
        153,
        260,
        15,
        3,
        3
      ],
      [
        0,
        0,
        0,
        0,
        0,
        0,
        4065,
        38,
        0,
        0,
        29,
        0
      ],
      [
        15,
        262,
        106,
        0,
        0,
        263,
        503,
        10873,
        414,
        0,
        98,
        50
      ],
      [
        107,
        13,
        15,
        2,
        35,
        6,
        714,
        184,
        5349,
        0,
        201,
        2
      ],
      [
        16,
        2,
        0,
        0,
        0,
        0,
        0,
        10,
        4,
        7028,
        279,
        22
      ],
      [
        0,
        0,
        0,
        0,
        0,
        0,
        93,
        39,
        39,
        30,
        11418,
        219
      ],
      [
        0,
        0,
        0,
        0,
        0,
        0,
        0,
        0,
        0,
        0,
        0,
        2575
      ]
    ],
    "old_accuracy": 88.35012817382812,
    "new_accuracy": 96.541748046875,
    "harmonic_mean": 92.26447296142578,
    "old_count": 85546,
    "new_count": 21774,
    "invalid_prediction_rate": 0.0,
    "predicted_unseen_classes": [],
    "predicted_unseen_count": 0,
    "num_samples": 107320,
    "num_classes": 12,
    "classes": [
      0,
      1,
      2,
      3,
      4,
      5,
      6,
      7,
      8,
      9,
      10,
      11
    ]
  },
  "old_new_split": {
    "old_accuracy": 88.35012817382812,
    "new_accuracy": 96.541748046875,
    "harmonic_mean": 92.26447296142578,
    "old_count": 85546,
    "new_count": 21774
  },
  "invalid_prediction_rate": 0.0
}