{
  "Asphalt": {
    "precision": 0.9973838806152344,
    "recall": 0.9855665588378906,
    "f1-score": 0.9914399719238282,
    "support": 4642
  },
  "Meadows": {
    "precision": 0.9970832061767578,
    "recall": 0.9950972747802734,
    "f1-score": 0.9960892486572266,
    "support": 13054
  },
  "Gravel": {
    "precision": 0.9739826202392579,
    "recall": 0.9938733673095703,
    "f1-score": 0.9838274383544922,
    "support": 1469
  },
  "Trees": {
    "precision": 0.9644304656982422,
    "recall": 0.9986013793945312,
    "f1-score": 0.9812185668945312,
    "support": 2145
  },
  "Painted": {
    "precision": 1.0,
    "recall": 1.0,
    "f1-score": 1.0,
    "support": 942
  },
  "Soil": {
    "precision": 0.9951358795166015,
    "recall": 0.9880681610107422,
    "f1-score": 0.9915894317626953,
    "support": 3520
  },
  "accuracy": 0.9928216669253453,
  "macro avg": {
    "precision": 0.9880026861234934,
    "recall": 0.9935344696660517,
    "f1-score": 0.9906941223405915,
    "support": 25772.0
  },
  "weighted avg": {
    "precision": 0.992943600935669,
    "recall": 0.9928216669253453,
    "f1-score": 0.992843586587924,
    "support": 25772.0
  },
  "torch_metrics": {
    "overall_accuracy": 99.28216552734375,
    "balanced_accuracy": 99.35344696044922,
    "average_accuracy": 99.35344696044922,
    "kappa": 98.94676208496094,
    "f1_macro": 99.06940460205078,
    "per_class_accuracy": {
      "0": 98.55665588378906,
      "1": 99.50972747802734,
      "2": 99.38733673095703,
      "3": 99.86013793945312,
      "4": 100.0,
      "5": 98.80681610107422
    },
    "precision": {
      "0": 99.73838806152344,
      "1": 99.70832061767578,
      "2": 97.39826202392578,
      "3": 96.44304656982422,
      "4": 100.0,
      "5": 99.51358795166016
    },
    "recall": {
      "0": 98.55665588378906,
      "1": 99.50972747802734,
      "2": 99.38733673095703,
      "3": 99.86013793945312,
      "4": 100.0,
      "5": 98.80681610107422
    },
    "f1_per_class": {
      "0": 99.14399719238281,
      "1": 99.60892486572266,
      "2": 98.38274383544922,
      "3": 98.12185668945312,
      "4": 100.0,
      "5": 99.15894317626953
    },
    "support": {
      "0": 4642,
      "1": 13054,
      "2": 1469,
      "3": 2145,
      "4": 942,
      "5": 3520
    },
    "predicted_count": {
      "0": 4587,
      "1": 13028,
      "2": 1499,
      "3": 2221,
      "4": 942,
      "5": 3495
    },
    "confusion_matrix": [
      [
        4575,
        0,
        39,
        28,
        0,
        0
      ],
      [
        0,
        12990,
        0,
        47,
        0,
        17
      ],
      [
        9,
        0,
        1460,
        0,
        0,
        0
      ],
      [
        3,
        0,
        0,
        2142,
        0,
        0
      ],
      [
        0,
        0,
        0,
        0,
        942,
        0
      ],
      [
        0,
        38,
        0,
        4,
        0,
        3478
      ]
    ],
    "old_accuracy": 0.0,
    "new_accuracy": 99.28216552734375,
    "harmonic_mean": 0.0,
    "old_count": 0,
    "new_count": 25772,
    "invalid_prediction_rate": 0.0,
    "predicted_unseen_classes": [],
    "predicted_unseen_count": 0,
    "num_samples": 25772,
    "num_classes": 6,
    "classes": [
      0,
      1,
      2,
      3,
      4,
      5
    ]
  },
  "invalid_prediction_rate": 0.0
}