{
  "Alfalfa": {
    "precision": 0.875,
    "recall": 1.0,
    "f1-score": 0.9333333587646484,
    "support": 21
  },
  "Corn-notill": {
    "precision": 0.7860040283203125,
    "recall": 0.7757757568359375,
    "f1-score": 0.7808563995361328,
    "support": 999
  },
  "Corn-mintill": {
    "precision": 0.8597785949707031,
    "recall": 0.8020654296875,
    "f1-score": 0.8299198913574218,
    "support": 581
  },
  "Corn": {
    "precision": 0.9021739196777344,
    "recall": 1.0,
    "f1-score": 0.9485713958740234,
    "support": 166
  },
  "Grass-pasture": {
    "precision": 0.9302326202392578,
    "recall": 0.94674560546875,
    "f1-score": 0.9384164428710937,
    "support": 338
  },
  "Grass-trees": {
    "precision": 0.96875,
    "recall": 0.970645751953125,
    "f1-score": 0.9696969604492187,
    "support": 511
  },
  "Grass-pasture-mowed": {
    "precision": 0.2777777862548828,
    "recall": 1.0,
    "f1-score": 0.4347826385498047,
    "support": 5
  },
  "Hay-windrowed": {
    "precision": 1.0,
    "recall": 0.9760478973388672,
    "f1-score": 0.9878787994384766,
    "support": 334
  },
  "Oats": {
    "precision": 1.0,
    "recall": 1.0,
    "f1-score": 1.0,
    "support": 1
  },
  "Soybean-notill": {
    "precision": 0.7185929107666016,
    "recall": 0.8399412536621094,
    "f1-score": 0.7745430755615235,
    "support": 681
  },
  "Soybean-mintill": {
    "precision": 0.9103623962402344,
    "recall": 0.8335273742675782,
    "f1-score": 0.8702522277832031,
    "support": 1718
  },
  "Soybean-clean": {
    "precision": 0.8095238494873047,
    "recall": 0.8602409362792969,
    "f1-score": 0.8341120910644532,
    "support": 415
  },
  "Wheat": {
    "precision": 0.9652777862548828,
    "recall": 0.9652777862548828,
    "f1-score": 0.9652777862548828,
    "support": 144
  },
  "Woods": {
    "precision": 0.9868263244628906,
    "recall": 0.9300225830078125,
    "f1-score": 0.9575828552246094,
    "support": 886
  },
  "Buildings-Grass-Trees-Drives": {
    "precision": 0.7819767761230468,
    "recall": 0.9962963104248047,
    "f1-score": 0.8762214660644532,
    "support": 270
  },
  "accuracy": 0.8725601131541726,
  "macro avg": {
    "precision": 0.8514851274711241,
    "recall": 0.926439111378014,
    "f1-score": 0.8734296835380825,
    "support": 7070.0
  },
  "weighted avg": {
    "precision": 0.878713243098912,
    "recall": 0.8725601131541726,
    "f1-score": 0.8738131488312216,
    "support": 7070.0
  },
  "torch_metrics": {
    "overall_accuracy": 87.25601196289062,
    "balanced_accuracy": 92.64391326904297,
    "average_accuracy": 92.64391326904297,
    "kappa": 85.48500061035156,
    "f1_macro": 87.34297180175781,
    "per_class_accuracy": {
      "0": 100.0,
      "1": 77.57757568359375,
      "2": 80.20654296875,
      "3": 100.0,
      "4": 94.674560546875,
      "5": 97.0645751953125,
      "6": 100.0,
      "7": 97.60478973388672,
      "8": 100.0,
      "9": 83.99412536621094,
      "10": 83.35273742675781,
      "11": 86.02409362792969,
      "12": 96.52777862548828,
      "13": 93.00225830078125,
      "14": 99.62963104248047
    },
    "precision": {
      "0": 87.5,
      "1": 78.60040283203125,
      "2": 85.97785949707031,
      "3": 90.21739196777344,
      "4": 93.02326202392578,
      "5": 96.875,
      "6": 27.77777862548828,
      "7": 100.0,
      "8": 100.0,
      "9": 71.85929107666016,
      "10": 91.03623962402344,
      "11": 80.95238494873047,
      "12": 96.52777862548828,
      "13": 98.68263244628906,
      "14": 78.19767761230469
    },
    "recall": {
      "0": 100.0,
      "1": 77.57757568359375,
      "2": 80.20654296875,
      "3": 100.0,
      "4": 94.674560546875,
      "5": 97.0645751953125,
      "6": 100.0,
      "7": 97.60478973388672,
      "8": 100.0,
      "9": 83.99412536621094,
      "10": 83.35273742675781,
      "11": 86.02409362792969,
      "12": 96.52777862548828,
      "13": 93.00225830078125,
      "14": 99.62963104248047
    },
    "f1_per_class": {
      "0": 93.33333587646484,
      "1": 78.08563995361328,
      "2": 82.99198913574219,
      "3": 94.85713958740234,
      "4": 93.84164428710938,
      "5": 96.96969604492188,
      "6": 43.47826385498047,
      "7": 98.78787994384766,
      "8": 100.0,
      "9": 77.45430755615234,
      "10": 87.02522277832031,
      "11": 83.41120910644531,
      "12": 96.52777862548828,
      "13": 95.75828552246094,
      "14": 87.62214660644531
    },
    "support": {
      "0": 21,
      "1": 999,
      "2": 581,
      "3": 166,
      "4": 338,
      "5": 511,
      "6": 5,
      "7": 334,
      "8": 1,
      "9": 681,
      "10": 1718,
      "11": 415,
      "12": 144,
      "13": 886,
      "14": 270
    },
    "predicted_count": {
      "0": 24,
      "1": 986,
      "2": 542,
      "3": 184,
      "4": 344,
      "5": 512,
      "6": 18,
      "7": 326,
      "8": 1,
      "9": 796,
      "10": 1573,
      "11": 441,
      "12": 144,
      "13": 835,
      "14": 344
    },
    "confusion_matrix": [
      [
        21,
        0,
        0,
        0,
        0,
        0,
        0,
        0,
        0,
        0,
        0,
        0,
        0,
        0,
        0
      ],
      [
        1,
        775,
        9,
        9,
        0,
        2,
        0,
        0,
        0,
        125,
        60,
        18,
        0,
        0,
        0
      ],
      [
        0,
        23,
        466,
        4,
        1,
        0,
        0,
        0,
        0,
        21,
        45,
        16,
        5,
        0,
        0
      ],
      [
        0,
        0,
        0,
        166,
        0,
        0,
        0,
        0,
        0,
        0,
        0,
        0,
        0,
        0,
        0
      ],
      [
        0,
        3,
        0,
        0,
        320,
        1,
        13,
        0,
        0,
        0,
        0,
        0,
        0,
        1,
        0
      ],
      [
        0,
        0,
        0,
        0,
        6,
        496,
        0,
        0,
        0,
        0,
        2,
        0,
        0,
        7,
        0
      ],
      [
        0,
        0,
        0,
        0,
        0,
        0,
        5,
        0,
        0,
        0,
        0,
        0,
        0,
        0,
        0
      ],
      [
        0,
        3,
        0,
        0,
        0,
        0,
        0,
        326,
        0,
        1,
        4,
        0,
        0,
        0,
        0
      ],
      [
        0,
        0,
        0,
        0,
        0,
        0,
        0,
        0,
        1,
        0,
        0,
        0,
        0,
        0,
        0
      ],
      [
        2,
        27,
        15,
        0,
        1,
        1,
        0,
        0,
        0,
        572,
        27,
        28,
        0,
        0,
        8
      ],
      [
        0,
        123,
        43,
        0,
        5,
        12,
        0,
        0,
        0,
        67,
        1432,
        21,
        0,
        3,
        12
      ],
      [
        0,
        32,
        9,
        5,
        0,
        0,
        0,
        0,
        0,
        9,
        3,
        357,
        0,
        0,
        0
      ],
      [
        0,
        0,
        0,
        0,
        5,
        0,
        0,
        0,
        0,
        0,
        0,
        0,
        139,
        0,
        0
      ],
      [
        0,
        0,
        0,
        0,
        6,
        0,
        0,
        0,
        0,
        1,
        0,
        0,
        0,
        824,
        55
      ],
      [
        0,
        0,
        0,
        0,
        0,
        0,
        0,
        0,
        0,
        0,
        0,
        1,
        0,
        0,
        269
      ]
    ],
    "old_accuracy": 85.56326293945312,
    "new_accuracy": 94.76923370361328,
    "harmonic_mean": 89.93126678466797,
    "old_count": 5770,
    "new_count": 1300,
    "invalid_prediction_rate": 0.0,