{
  "Alfalfa": {
    "precision": 0.84,
    "recall": 1.0,
    "f1-score": 0.9130435180664063,
    "support": 21
  },
  "Corn-notill": {
    "precision": 0.9507389068603516,
    "recall": 0.9659659576416015,
    "f1-score": 0.9582919311523438,
    "support": 999
  },
  "Corn-mintill": {
    "precision": 0.9742646789550782,
    "recall": 0.9122203063964843,
    "f1-score": 0.9422222137451172,
    "support": 581
  },
  "Corn": {
    "precision": 0.927374267578125,
    "recall": 1.0,
    "f1-score": 0.9623188018798828,
    "support": 166
  },
  "Grass-pasture": {
    "precision": 0.9639640045166016,
    "recall": 0.9497041320800781,
    "f1-score": 0.956781005859375,
    "support": 338
  },
  "Grass-trees": {
    "precision": 0.9765625,
    "recall": 0.9784735870361329,
    "f1-score": 0.97751708984375,
    "support": 511
  },
  "Grass-pasture-mowed": {
    "precision": 0.2777777862548828,
    "recall": 1.0,
    "f1-score": 0.4347826385498047,
    "support": 5
  },
  "Hay-windrowed": {
    "precision": 1.0,
    "recall": 0.9850299072265625,
    "f1-score": 0.99245849609375,
    "support": 334
  },
  "Oats": {
    "precision": 1.0,
    "recall": 1.0,
    "f1-score": 1.0,
    "support": 1
  },
  "accuracy": 0.9600811907983762,
  "macro avg": {
    "precision": 0.8789646850618033,
    "recall": 0.9768215487912821,
    "f1-score": 0.9041572953864448,
    "support": 2956.0
  },
  "weighted avg": {
    "precision": 0.9636847942301995,
    "recall": 0.9600811907983762,
    "f1-score": 0.9611778988989307,
    "support": 2956.0
  },
  "torch_metrics": {
    "overall_accuracy": 96.00812530517578,
    "balanced_accuracy": 97.68215942382812,
    "average_accuracy": 97.68215942382812,
    "kappa": 94.94003295898438,
    "f1_macro": 90.41573333740234,
    "per_class_accuracy": {
      "0": 100.0,
      "1": 96.59659576416016,
      "2": 91.22203063964844,
      "3": 100.0,
      "4": 94.97041320800781,
      "5": 97.84735870361328,
      "6": 100.0,
      "7": 98.50299072265625,
      "8": 100.0
    },
    "precision": {
      "0": 84.0,
      "1": 95.07389068603516,
      "2": 97.42646789550781,
      "3": 92.7374267578125,
      "4": 96.39640045166016,
      "5": 97.65625,
      "6": 27.77777862548828,
      "7": 100.0,
      "8": 100.0
    },
    "recall": {
      "0": 100.0,
      "1": 96.59659576416016,
      "2": 91.22203063964844,
      "3": 100.0,
      "4": 94.97041320800781,
      "5": 97.84735870361328,
      "6": 100.0,
      "7": 98.50299072265625,
      "8": 100.0
    },
    "f1_per_class": {
      "0": 91.30435180664062,
      "1": 95.82919311523438,
      "2": 94.22222137451172,
      "3": 96.23188018798828,
      "4": 95.6781005859375,
      "5": 97.751708984375,
      "6": 43.47826385498047,
      "7": 99.245849609375,
      "8": 100.0
    },
    "support": {
      "0": 21,
      "1": 999,
      "2": 581,
      "3": 166,
      "4": 338,
      "5": 511,
      "6": 5,
      "7": 334,
      "8": 1
    },
    "predicted_count": {
      "0": 25,
      "1": 1015,
      "2": 544,
      "3": 179,
      "4": 333,
      "5": 512,
      "6": 18,
      "7": 329,
      "8": 1
    },
    "confusion_matrix": [
      [
        21,
        0,
        0,
        0,
        0,
        0,
        0,
        0,
        0
      ],
      [
        4,
        965,
        14,
        9,
        1,
        6,
        0,
        0,
        0
      ],
      [
        0,
        42,
        530,
        4,
        1,
        4,
        0,
        0,
        0
      ],
      [
        0,
        0,
        0,
        166,
        0,
        0,
        0,
        0,
        0
      ],
      [
        0,
        3,
        0,
        0,
        321,
        1,
        13,
        0,
        0
      ],
      [
        0,
        1,
        0,
        0,
        10,
        500,
        0,
        0,
        0
      ],
      [
        0,
        0,
        0,
        0,
        0,
        0,
        5,
        0,
        0
      ],
      [
        0,
        4,
        0,
        0,
        0,
        1,
        0,
        329,
        0
      ],
      [
        0,
        0,
        0,
        0,
        0,
        0,
        0,
        0,
        1
      ]
    ],
    "old_accuracy": 95.68042755126953,
    "new_accuracy": 98.52941131591797,
    "harmonic_mean": 97.08402252197266,
    "old_count": 2616,
    "new_count": 340,
    "invalid_prediction_rate": 0.0,
    "predicted_unseen_classes": [],
    "predicted_unseen_count": 0,
    "num_samples": 2956,
    "num_classes": 9,
    "classes": [
      0,
      1,
      2,
      3,
      4,
      5,
      6,
      7,
      8
    ]
  },
  "old_new_split": {
    "old_accuracy": 95.68042755126953,
    "new_accuracy": 98.52941131591797,
    "harmonic_mean": 97.08402252197266,
    "old_count": 2616,
    "new_count": 340
  },
  "invalid_prediction_rate": 0.0
}