class_id,class_name,precision_percent,recall_percent,f1_percent,accuracy_percent,support,predicted_count
0,Alfalfa,84.0,100.0,91.30435180664062,100.0,21,25
1,Corn-notill,95.07389068603516,96.59659576416016,95.82919311523438,96.59659576416016,999,1015
2,Corn-mintill,97.42646789550781,91.22203063964844,94.22222137451172,91.22203063964844,581,544
3,Corn,92.7374267578125,100.0,96.23188018798828,100.0,166,179
4,Grass-pasture,96.39640045166016,94.97041320800781,95.6781005859375,94.97041320800781,338,333
5,Grass-trees,97.65625,97.84735870361328,97.751708984375,97.84735870361328,511,512
6,Grass-pasture-mowed,27.77777862548828,100.0,43.47826385498047,100.0,5,18
7,Hay-windrowed,100.0,98.50299072265625,99.245849609375,98.50299072265625,334,329
8,Oats,100.0,100.0,100.0,100.0,1,1
