{
  "Strawberry": {
    "precision": 0.9233743286132813,
    "recall": 0.8085201263427735,
    "f1-score": 0.8621388244628906,
    "support": 31314
  },
  "Cowpea": {
    "precision": 0.9832261657714844,
    "recall": 0.6624599456787109,
    "f1-score": 0.791582260131836,
    "support": 15927
  },
  "Soybean": {
    "precision": 0.9628217315673828,
    "recall": 0.981808090209961,
    "f1-score": 0.9722222137451172,
    "support": 7201
  },
  "Sorghum": {
    "precision": 0.9983875274658203,
    "recall": 0.9914598083496093,
    "f1-score": 0.9949115753173828,
    "support": 3747
  },
  "Water spinach": {
    "precision": 0.8493427276611328,
    "recall": 1.0,
    "f1-score": 0.9185346984863281,
    "support": 840
  },
  "Watermelon": {
    "precision": 0.7593939208984375,
    "recall": 0.789788818359375,
    "f1-score": 0.774293212890625,
    "support": 3173
  },
  "Greens": {
    "precision": 0.5814024734497071,
    "recall": 0.9169892883300781,
    "f1-score": 0.7116161346435547,
    "support": 4132
  },
  "Trees": {
    "precision": 0.7930401611328125,
    "recall": 0.8583915710449219,
    "f1-score": 0.8244227600097657,
    "support": 12584
  },
  "Grass": {
    "precision": 0.6489321899414062,
    "recall": 0.7839468383789062,
    "f1-score": 0.7100785827636719,
    "support": 6628
  },
  "Red roof": {
    "precision": 0.9842993927001953,
    "recall": 0.9112892150878906,
    "f1-score": 0.9463882446289062,
    "support": 7361
  },
  "Gray roof": {
    "precision": 0.5656704330444335,
    "recall": 0.6603311157226562,
    "f1-score": 0.6093463897705078,
    "support": 11838
  },
  "Plastic": {
    "precision": 0.5293146514892578,
    "recall": 0.24893203735351563,
    "f1-score": 0.33861595153808594,
    "support": 2575
  },
  "Bare soil": {
    "precision": 0.6846453094482422,
    "recall": 0.44162357330322266,
    "f1-score": 0.536915283203125,
    "support": 6381
  },
  "Road": {
    "precision": 0.5450929260253906,
    "recall": 0.5168565368652344,
    "f1-score": 0.530599365234375,
    "support": 12992
  },
  "Bright object": {
    "precision": 0.2366864013671875,
    "recall": 0.9559748077392578,
    "f1-score": 0.3794308853149414,
    "support": 795
  },
  "Water": {
    "precision": 0.9236302947998047,
    "recall": 0.9997347259521484,
    "f1-score": 0.9601768493652344,
    "support": 52781
  },
  "accuracy": 0.8210674048227926,
  "macro avg": {
    "precision": 0.7480787889258318,
    "recall": 0.7830066769981023,
    "f1-score": 0.7413295850265872,
    "support": 180269.0
  },
  "weighted avg": {
    "precision": 0.8362414462292596,
    "recall": 0.8210674048227926,
    "f1-score": 0.8206362589591769,
    "support": 180269.0
  },
  "torch_metrics": {
    "overall_accuracy": 82.10674285888672,
    "balanced_accuracy": 78.30066680908203,
    "average_accuracy": 78.30066680908203,
    "kappa": 79.02079010009766,
    "f1_macro": 74.1329574584961,
    "per_class_accuracy": {
      "0": 80.85201263427734,
      "1": 66.2459945678711,
      "2": 98.1808090209961,
      "3": 99.14598083496094,
      "4": 100.0,
      "5": 78.9788818359375,
      "6": 91.69892883300781,
      "7": 85.83915710449219,
      "8": 78.39468383789062,
      "9": 91.12892150878906,
      "10": 66.03311157226562,
      "11": 24.893203735351562,
      "12": 44.162357330322266,
      "13": 51.68565368652344,
      "14": 95.59748077392578,
      "15": 99.97347259521484
    },
    "precision": {
      "0": 92.33743286132812,
      "1": 98.32261657714844,
      "2": 96.28217315673828,
      "3": 99.83875274658203,
      "4": 84.93427276611328,
      "5": 75.93939208984375,
      "6": 58.1402473449707,
      "7": 79.30401611328125,
      "8": 64.89321899414062,
      "9": 98.42993927001953,
      "10": 56.56704330444336,
      "11": 52.93146514892578,
      "12": 68.46453094482422,
      "13": 54.50929260253906,
      "14": 23.66864013671875,
      "15": 92.36302947998047
    },
    "recall": {
      "0": 80.85201263427734,
      "1": 66.2459945678711,
      "2": 98.1808090209961,
      "3": 99.14598083496094,
      "4": 100.0,
      "5": 78.9788818359375,
      "6": 91.69892883300781,
      "7": 85.83915710449219,
      "8": 78.39468383789062,
      "9": 91.12892150878906,
      "10": 66.03311157226562,
      "11": 24.893203735351562,
      "12": 44.162357330322266,
      "13": 51.68565368652344,
      "14": 95.59748077392578,
      "15": 99.97347259521484
    },
    "f1_per_class": {
      "0": 86.21388244628906,
      "1": 79.1582260131836,
      "2": 97.22222137451172,
      "3": 99.49115753173828,
      "4": 91.85346984863281,
      "5": 77.4293212890625,
      "6": 71.16161346435547,
      "7": 82.44227600097656,
      "8": 71.00785827636719,
      "9": 94.63882446289062,
      "10": 60.93463897705078,
      "11": 33.861595153808594,
      "12": 53.6915283203125,
      "13": 53.0599365234375,
      "14": 37.94308853149414,
      "15": 96.01768493652344
    },
    "support": {
      "0": 31314,
      "1": 15927,
      "2": 7201,
      "3": 3747,
      "4": 840,
      "5": 3173,
      "6": 4132,
      "7": 12584,
      "8": 6628,
      "9": 7361,
      "10": 11838,
      "11": 2575,
      "12": 6381,
      "13": 12992,
      "14": 795,
      "15": 52781
    },
    "predicted_count": {
      "0": 27419,
      "1": 10731,
      "2": 7343,
      "3": 3721,
      "4": 989,
      "5": 3300,
      "6": 6517,
      "7": 13621,
      "8": 8007,
      "9": 6815,
      "10": 13819,
      "11": 1211,
      "12": 4116,
      "13": 12319,
      "14": 3211,
      "15": 57130
    },