{
  "Weeds_1": {
    "precision": 0.9978586578369141,
    "recall": 0.9943100738525391,
    "f1-score": 0.9960812377929688,
    "support": 1406
  },
  "Weeds_2": {
    "precision": 0.9969384002685547,
    "recall": 0.9988497161865234,
    "f1-score": 0.9978931427001954,
    "support": 2608
  },
  "Fallow": {
    "precision": 0.9978355407714844,
    "recall": 1.0,
    "f1-score": 0.9989165496826172,
    "support": 1383
  },
  "Fallow_rough_plow": {
    "precision": 0.9788945007324219,
    "recall": 0.9979508209228516,
    "f1-score": 0.9883307647705079,
    "support": 976
  },
  "Fallow_smooth": {
    "precision": 0.9983844757080078,
    "recall": 0.9893276977539063,
    "f1-score": 0.99383544921875,
    "support": 1874
  },
  "Stubble": {
    "precision": 1.0,
    "recall": 1.0,
    "f1-score": 1.0,
    "support": 2771
  },
  "Celery": {
    "precision": 1.0,
    "recall": 1.0,
    "f1-score": 1.0,
    "support": 2505
  },
  "Grapes_untrained": {
    "precision": 0.9930754852294922,
    "recall": 0.7452471160888672,
    "f1-score": 0.8514952087402343,
    "support": 7890
  },
  "Soil_vinyard_develop": {
    "precision": 1.0,
    "recall": 0.9949331665039063,
    "f1-score": 0.9974601745605469,
    "support": 4342
  },
  "Corn_Weeds": {
    "precision": 0.9803166198730469,
    "recall": 0.9986922454833984,
    "f1-score": 0.9894190979003906,
    "support": 2294
  },
  "Lettuce_4wk": {
    "precision": 1.0,
    "recall": 1.0,
    "f1-score": 1.0,
    "support": 747
  },
  "Lettuce_5wk": {
    "precision": 1.0,
    "recall": 0.9977761840820313,
    "f1-score": 0.9988867950439453,
    "support": 1349
  },
  "Lettuce_6wk": {
    "precision": 0.99843505859375,
    "recall": 0.9953197479248047,
    "f1-score": 0.996875,
    "support": 641
  },
  "Lettuce_7wk": {
    "precision": 0.9973368835449219,
    "recall": 1.0,
    "f1-score": 0.9986666107177734,
    "support": 749
  },
  "Vinyard_untrained": {
    "precision": 0.7173326110839844,
    "recall": 0.9917436981201172,
    "f1-score": 0.832508316040039,
    "support": 5087
  },
  "accuracy": 0.9422205231827863,
  "macro avg": {
    "precision": 0.9770938781262781,
    "recall": 0.9802766971263043,
    "f1-score": 0.9760245591978062,
    "support": 36622.0
  },
  "weighted avg": {
    "precision": 0.956902126417174,
    "recall": 0.9422205231827863,
    "f1-score": 0.9426852199414567,
    "support": 36622.0
  },
  "torch_metrics": {
    "overall_accuracy": 94.22205352783203,
    "balanced_accuracy": 98.02766418457031,
    "average_accuracy": 98.02766418457031,
    "kappa": 93.55363464355469,
    "f1_macro": 97.60245513916016,
    "per_class_accuracy": {
      "0": 99.4310073852539,
      "1": 99.88497161865234,
      "2": 100.0,
      "3": 99.79508209228516,
      "4": 98.93276977539062,
      "5": 100.0,
      "6": 100.0,
      "7": 74.52471160888672,
      "8": 99.49331665039062,
      "9": 99.86922454833984,
      "10": 100.0,
      "11": 99.77761840820312,
      "12": 99.53197479248047,
      "13": 100.0,
      "14": 99.17436981201172
    },
    "precision": {
      "0": 99.7858657836914,
      "1": 99.69384002685547,
      "2": 99.78355407714844,
      "3": 97.88945007324219,
      "4": 99.83844757080078,
      "5": 100.0,
      "6": 100.0,
      "7": 99.30754852294922,
      "8": 100.0,
      "9": 98.03166198730469,
      "10": 100.0,
      "11": 100.0,
      "12": 99.843505859375,
      "13": 99.73368835449219,
      "14": 71.73326110839844
    },
    "recall": {
      "0": 99.4310073852539,
      "1": 99.88497161865234,
      "2": 100.0,
      "3": 99.79508209228516,
      "4": 98.93276977539062,
      "5": 100.0,
      "6": 100.0,
      "7": 74.52471160888672,
      "8": 99.49331665039062,
      "9": 99.86922454833984,
      "10": 100.0,
      "11": 99.77761840820312,
      "12": 99.53197479248047,
      "13": 100.0,
      "14": 99.17436981201172
    },
    "f1_per_class": {
      "0": 99.60812377929688,
      "1": 99.78931427001953,
      "2": 99.89165496826172,
      "3": 98.83307647705078,
      "4": 99.383544921875,
      "5": 100.0,
      "6": 100.0,
      "7": 85.14952087402344,
      "8": 99.74601745605469,
      "9": 98.94190979003906,
      "10": 100.0,
      "11": 99.88867950439453,
      "12": 99.6875,
      "13": 99.86666107177734,
      "14": 83.2508316040039
    },
    "support": {
      "0": 1406,
      "1": 2608,
      "2": 1383,
      "3": 976,
      "4": 1874,
      "5": 2771,
      "6": 2505,
      "7": 7890,
      "8": 4342,
      "9": 2294,
      "10": 747,
      "11": 1349,
      "12": 641,
      "13": 749,
      "14": 5087
    },
    "predicted_count": {
      "0": 1401,
      "1": 2613,
      "2": 1386,
      "3": 995,
      "4": 1857,
      "5": 2771,
      "6": 2505,
      "7": 5921,
      "8": 4320,
      "9": 2337,
      "10": 747,
      "11": 1346,
      "12": 639,
      "13": 751,
      "14": 7033
    },
    "confusion_matrix": [
      [
        1398,
        8,
        0,
        0,
        0,
        0,
        0,
        0,
        0,
        0,
        0,
        0,
        0,
        0,
        0
      ],
      [
        3,
        2605,
        0,
        0,
        0,
        0,
        0,
        0,
        0,
        0,
        0,
        0,
        0,
        0,
        0
      ],
      [
        0,
        0,
        1383,
        0,
        0,
        0,
        0,
        0,
        0,
        0,
        0,
        0,
        0,
        0,
        0
      ],
      [
        0,
        0,
        0,
        974,
        2,
        0,
        0,
        0,
        0,
        0,
        0,
        0,
        0,
        0,
        0
      ],
      [
        0,
        0,
        0,
        20,
        1854,
        0,
        0,
        0,
        0,
        0,
        0,
        0,
        0,
        0,
        0
      ],
      [
        0,
        0,
        0,
        0,
        0,
        2771,
        0,
        0,
        0,
        0,
        0,
        0,
        0,
        0,
        0
      ],
      [
        0,
        0,
        0,
        0,
        0,
        0,
        2505,
        0,
        0,
        0,
        0,
        0,
        0,
        0,
        0
      ],
      [
        0,
        0,
        0,
        0,
        0,
        0,
        0,
        5880,
        0,
        22,
        0,
        0,
        0,
        0,
        1988
      ],
      [
        0,
        0,
        0,
        0,
        0,
        0,
        0,
        0,
        4320,
        22,
        0,
        0,
        0,
        0,
        0
      ],
      [
        0,
        0,
        1,
        0,
        0,
        0,
        0,
        0,
        0,
        2291,
        0,
        0,
        0,
        2,
        0
      ],
      [
        0,
        0,
        0,
        0,
        0,
        0,
        0,
        0,
        0,
        0,
        747,
        0,
        0,
        0,
        0
      ],
      [
        0,
        0,
        2,
        0,
        0,
        0,
        0,
        0,
        0,
        0,
        0,
        1346,
        1,
        0,
        0
      ],
      [
        0,
        0,
        0,
        0,
        1,
        0,
        0,
        0,
        0,
        2,
        0,
        0,
        638,
        0,
        0
      ],
      [
        0,
        0,
        0,
        0,
        0,
        0,
        0,
        0,
        0,
        0,
        0,
        0,
        0,
        749,
        0
      ],
      [
        0,
        0,
        0,
        1,
        0,
        0,
        0,
        41,
        0,
        0,
        0,
        0,
        0,
        0,
        5045
      ]
    ],
    "old_accuracy": 93.12987518310547,
    "new_accuracy": 99.30523681640625,
    "harmonic_mean": 96.11846160888672,
    "old_count": 30145,
    "new_count": 6477,
    "invalid_prediction_rate": 0.0,
    "predicted_unseen_classes": [],
    "predicted_unseen_count": 0,
    "num_samples": 36622,
    "num_classes": 15,