{
  "Alfalfa": {
    "precision": 0.9130435180664063,
    "recall": 1.0,
    "f1-score": 0.9545454406738281,
    "support": 21
  },
  "Corn-notill": {
    "precision": 0.815985107421875,
    "recall": 0.8788788604736328,
    "f1-score": 0.8462651062011719,
    "support": 999
  },
  "Corn-mintill": {
    "precision": 0.9133710479736328,
    "recall": 0.8347676086425782,
    "f1-score": 0.8723021697998047,
    "support": 581
  },
  "Corn": {
    "precision": 0.951219482421875,
    "recall": 0.9397589874267578,
    "f1-score": 0.9454544830322266,
    "support": 166
  },
  "Grass-pasture": {
    "precision": 0.9293785095214844,
    "recall": 0.9733727264404297,
    "f1-score": 0.9508670806884766,
    "support": 338
  },
  "Grass-trees": {
    "precision": 0.9506641387939453,
    "recall": 0.9804305267333985,
    "f1-score": 0.9653179931640625,
    "support": 511
  },
  "Grass-pasture-mowed": {
    "precision": 0.4166666412353516,
    "recall": 1.0,
    "f1-score": 0.5882353210449218,
    "support": 5
  },
  "Hay-windrowed": {
    "precision": 1.0,
    "recall": 0.9970059967041016,
    "f1-score": 0.9985007476806641,
    "support": 334
  },
  "Oats": {
    "precision": 0.1,
    "recall": 1.0,
    "f1-score": 0.1818181800842285,
    "support": 1
  },
  "Soybean-notill": {
    "precision": 0.8858521270751953,
    "recall": 0.809104232788086,
    "f1-score": 0.8457405853271485,
    "support": 681
  },
  "Soybean-mintill": {
    "precision": 0.912055892944336,
    "recall": 0.9115250396728516,
    "f1-score": 0.9117903900146485,
    "support": 1718
  },
  "Soybean-clean": {
    "precision": 0.930174560546875,
    "recall": 0.898795166015625,
    "f1-score": 0.9142157745361328,
    "support": 415
  },
  "accuracy": 0.9010398613518198,
  "macro avg": {
    "precision": 0.809867584845288,
    "recall": 0.9353032768962297,
    "f1-score": 0.8312544244233174,
    "support": 5770.0
  },
  "weighted avg": {
    "precision": 0.9038503415457476,
    "recall": 0.9010398613518198,
    "f1-score": 0.9016143459526127,
    "support": 5770.0
  },
  "torch_metrics": {
    "overall_accuracy": 90.1039810180664,
    "balanced_accuracy": 93.53032684326172,
    "average_accuracy": 93.53032684326172,
    "kappa": 88.16641998291016,
    "f1_macro": 83.12544250488281,
    "per_class_accuracy": {
      "0": 100.0,
      "1": 87.88788604736328,
      "2": 83.47676086425781,
      "3": 93.97589874267578,
      "4": 97.33727264404297,
      "5": 98.04305267333984,
      "6": 100.0,
      "7": 99.70059967041016,
      "8": 100.0,
      "9": 80.9104232788086,
      "10": 91.15250396728516,
      "11": 89.8795166015625
    },
    "precision": {
      "0": 91.30435180664062,
      "1": 81.5985107421875,
      "2": 91.33710479736328,
      "3": 95.1219482421875,
      "4": 92.93785095214844,
      "5": 95.06641387939453,
      "6": 41.666664123535156,
      "7": 100.0,
      "8": 10.0,
      "9": 88.58521270751953,
      "10": 91.2055892944336,
      "11": 93.0174560546875
    },
    "recall": {
      "0": 100.0,
      "1": 87.88788604736328,
      "2": 83.47676086425781,
      "3": 93.97589874267578,
      "4": 97.33727264404297,
      "5": 98.04305267333984,
      "6": 100.0,
      "7": 99.70059967041016,
      "8": 100.0,
      "9": 80.9104232788086,
      "10": 91.15250396728516,
      "11": 89.8795166015625
    },
    "f1_per_class": {
      "0": 95.45454406738281,
      "1": 84.62651062011719,
      "2": 87.23021697998047,
      "3": 94.54544830322266,
      "4": 95.08670806884766,
      "5": 96.53179931640625,
      "6": 58.82353210449219,
      "7": 99.8500747680664,
      "8": 18.18181800842285,
      "9": 84.57405853271484,
      "10": 91.17903900146484,
      "11": 91.42157745361328
    },
    "support": {
      "0": 21,
      "1": 999,
      "2": 581,
      "3": 166,
      "4": 338,
      "5": 511,
      "6": 5,
      "7": 334,
      "8": 1,
      "9": 681,
      "10": 1718,
      "11": 415
    },
    "predicted_count": {
      "0": 23,
      "1": 1076,
      "2": 531,
      "3": 164,
      "4": 354,
      "5": 527,
      "6": 12,
      "7": 333,
      "8": 10,
      "9": 622,
      "10": 1717,
      "11": 401
    },
    "confusion_matrix": [
      [
        21,
        0,
        0,
        0,
        0,
        0,
        0,
        0,
        0,
        0,
        0,
        0
      ],
      [
        0,
        878,
        0,
        0,
        0,
        4,
        0,
        0,
        0,
        40,
        66,
        11
      ],
      [
        0,
        53,
        485,
        2,
        2,
        2,
        0,
        0,
        8,
        6,
        17,
        6
      ],
      [
        0,
        4,
        6,
        156,
        0,
        0,
        0,
        0,
        0,
        0,
        0,
        0
      ],
      [
        0,
        0,
        0,
        0,
        329,
        0,
        7,
        0,
        1,
        0,
        1,
        0
      ],
      [
        0,
        1,
        0,
        2,
        4,
        501,
        0,
        0,
        0,
        0,
        3,
        0
      ],
      [
        0,
        0,
        0,
        0,
        0,
        0,
        5,
        0,
        0,
        0,
        0,
        0
      ],
      [
        0,
        0,
        0,
        0,
        0,
        0,
        0,
        333,
        0,
        0,
        1,
        0
      ],
      [
        0,
        0,
        0,
        0,
        0,
        0,
        0,
        0,
        1,
        0,
        0,
        0
      ],
      [
        2,
        23,
        36,
        0,
        14,
        0,
        0,
        0,
        0,
        551,
        55,
        0
      ],
      [
        0,
        102,
        2,
        0,
        5,
        20,
        0,
        0,
        0,
        12,
        1566,
        11
      ],
      [
        0,
        15,
        2,
        4,
        0,
        0,
        0,
        0,
        0,
        13,
        8,
        373
      ]
    ],
    "old_accuracy": 91.64411163330078,
    "new_accuracy": 88.48613739013672,
    "harmonic_mean": 90.03744506835938,
    "old_count": 2956,
    "new_count": 2814,
    "invalid_prediction_rate": 0.0,
    "predicted_unseen_classes": [],
    "predicted_unseen_count": 0,
    "num_samples": 5770,
    "num_classes": 12,
    "classes": [
      0,
      1,
      2,
      3,
      4,
      5,
      6,
      7,
      8,
      9,
      10,
      11
    ]
  },
  "old_new_split": {
    "old_accuracy": 91.64411163330078,
    "new_accuracy": 88.48613739013672,
    "harmonic_mean": 90.03744506835938,
    "old_count": 2956,
    "new_count": 2814
  },
  "invalid_prediction_rate": 0.0
}