{
  "Alfalfa": {
    "precision": 0.9130435180664063,
    "recall": 1.0,
    "f1-score": 0.9545454406738281,
    "support": 21
  },
  "Corn-notill": {
    "precision": 0.8127896118164063,
    "recall": 0.8778778839111329,
    "f1-score": 0.8440808868408203,
    "support": 999
  },
  "Corn-mintill": {
    "precision": 0.9128787994384766,
    "recall": 0.8296041870117188,
    "f1-score": 0.8692516326904297,
    "support": 581
  },
  "Corn": {
    "precision": 0.9570552062988281,
    "recall": 0.9397589874267578,
    "f1-score": 0.9483282470703125,
    "support": 166
  },
  "Grass-pasture": {
    "precision": 0.9346590423583985,
    "recall": 0.9733727264404297,
    "f1-score": 0.9536231994628906,
    "support": 338
  },
  "Grass-trees": {
    "precision": 0.9503816986083984,
    "recall": 0.9745596313476562,
    "f1-score": 0.9623188781738281,
    "support": 511
  },
  "Grass-pasture-mowed": {
    "precision": 0.4166666412353516,
    "recall": 1.0,
    "f1-score": 0.5882353210449218,
    "support": 5
  },
  "Hay-windrowed": {
    "precision": 1.0,
    "recall": 0.9970059967041016,
    "f1-score": 0.9985007476806641,
    "support": 334
  },
  "Oats": {
    "precision": 0.1,
    "recall": 1.0,
    "f1-score": 0.1818181800842285,
    "support": 1
  },
  "Soybean-notill": {
    "precision": 0.8897892761230469,
    "recall": 0.8061674499511718,
    "f1-score": 0.8459168243408203,
    "support": 681
  },
  "Soybean-mintill": {
    "precision": 0.91089111328125,
    "recall": 0.9103608703613282,
    "f1-score": 0.9106258392333985,
    "support": 1718
  },
  "Soybean-clean": {
    "precision": 0.9323308563232422,
    "recall": 0.8963855743408203,
    "f1-score": 0.914004898071289,
    "support": 415
  },
  "Wheat": {
    "precision": 0.9795918273925781,
    "recall": 1.0,
    "f1-score": 0.9896907043457032,
    "support": 144
  },
  "Woods": {
    "precision": 0.9796839904785156,
    "recall": 0.9796839904785156,
    "f1-score": 0.9796839904785156,
    "support": 886
  },
  "Buildings-Grass-Trees-Drives": {
    "precision": 0.9464286041259765,
    "recall": 0.9814814758300782,
    "f1-score": 0.9636363983154297,
    "support": 270
  },
  "accuracy": 0.9142857142857143,
  "macro avg": {
    "precision": 0.8424126758785611,
    "recall": 0.9444172522001192,
    "f1-score": 0.8602840719040151,
    "support": 7070.0
  },
  "weighted avg": {
    "precision": 0.9166222443517784,
    "recall": 0.9142857142857143,
    "f1-score": 0.9147051855640709,
    "support": 7070.0
  },
  "torch_metrics": {
    "overall_accuracy": 91.42857360839844,
    "balanced_accuracy": 94.44172668457031,
    "average_accuracy": 94.44172668457031,
    "kappa": 90.1862564086914,
    "f1_macro": 86.02839660644531,
    "per_class_accuracy": {
      "0": 100.0,
      "1": 87.78778839111328,
      "2": 82.96041870117188,
      "3": 93.97589874267578,
      "4": 97.33727264404297,
      "5": 97.45596313476562,
      "6": 100.0,
      "7": 99.70059967041016,
      "8": 100.0,
      "9": 80.61674499511719,
      "10": 91.03608703613281,
      "11": 89.63855743408203,
      "12": 100.0,
      "13": 97.96839904785156,
      "14": 98.14814758300781
    },
    "precision": {
      "0": 91.30435180664062,
      "1": 81.27896118164062,
      "2": 91.28787994384766,
      "3": 95.70552062988281,
      "4": 93.46590423583984,
      "5": 95.03816986083984,
      "6": 41.666664123535156,
      "7": 100.0,
      "8": 10.0,
      "9": 88.97892761230469,
      "10": 91.089111328125,
      "11": 93.23308563232422,
      "12": 97.95918273925781,
      "13": 97.96839904785156,
      "14": 94.64286041259766
    },
    "recall": {
      "0": 100.0,
      "1": 87.78778839111328,
      "2": 82.96041870117188,
      "3": 93.97589874267578,
      "4": 97.33727264404297,
      "5": 97.45596313476562,
      "6": 100.0,
      "7": 99.70059967041016,
      "8": 100.0,
      "9": 80.61674499511719,
      "10": 91.03608703613281,
      "11": 89.63855743408203,
      "12": 100.0,
      "13": 97.96839904785156,
      "14": 98.14814758300781
    },
    "f1_per_class": {
      "0": 95.45454406738281,
      "1": 84.40808868408203,
      "2": 86.92516326904297,
      "3": 94.83282470703125,
      "4": 95.36231994628906,
      "5": 96.23188781738281,
      "6": 58.82353210449219,
      "7": 99.8500747680664,
      "8": 18.18181800842285,
      "9": 84.59168243408203,
      "10": 91.06258392333984,
      "11": 91.4004898071289,
      "12": 98.96907043457031,
      "13": 97.96839904785156,
      "14": 96.36363983154297
    },
    "support": {
      "0": 21,
      "1": 999,
      "2": 581,
      "3": 166,
      "4": 338,
      "5": 511,
      "6": 5,
      "7": 334,
      "8": 1,
      "9": 681,
      "10": 1718,
      "11": 415,
      "12": 144,
      "13": 886,
      "14": 270
    },
    "predicted_count": {
      "0": 23,
      "1": 1079,
      "2": 528,
      "3": 163,
      "4": 352,
      "5": 524,
      "6": 12,
      "7": 333,
      "8": 10,
      "9": 617,
      "10": 1717,
      "11": 399,
      "12": 147,
      "13": 886,
      "14": 280
    },
    "confusion_matrix": [
      [
        21,
        0,
        0,
        0,
        0,
        0,
        0,
        0,
        0,
        0,
        0,
        0,
        0,
        0,
        0
      ],
      [
        0,
        877,
        0,
        0,
        0,
        4,
        0,
        0,
        0,
        40,
        66,
        11,
        0,
        1,
        0
      ],
      [
        0,
        54,
        482,
        1,
        2,
        2,
        0,
        0,
        8,
        6,
        18,
        5,
        3,
        0,
        0
      ],
      [
        0,
        4,
        6,
        156,
        0,
        0,
        0,
        0,
        0,
        0,
        0,
        0,
        0,
        0,
        0
      ],
      [
        0,
        0,
        0,
        0,
        329,
        0,
        7,
        0,
        1,
        0,
        1,
        0,
        0,
        0,
        0
      ],
      [
        0,
        1,
        0,
        2,
        1,
        498,
        0,
        0,
        0,
        0,
        3,
        0,
        0,
        6,
        0
      ],
      [
        0,
        0,
        0,
        0,
        0,
        0,
        5,
        0,
        0,
        0,
        0,
        0,
        0,
        0,
        0
      ],
      [
        0,
        0,
        0,
        0,
        0,
        0,
        0,
        333,
        0,
        0,
        0,
        0,
        0,
        1,
        0
      ],
      [
        0,
        0,
        0,
        0,
        0,
        0,
        0,
        0,
        1,
        0,
        0,
        0,
        0,
        0,
        0
      ],
      [
        2,
        23,
        36,
        0,
        12,
        0,
        0,
        0,
        0,
        549,
        56,
        0,
        0,
        3,
        0
      ],
      [
        0,
        104,
        2,
        0,
        5,
        20,
        0,
        0,
        0,
        5,
        1564,
        10,
        0,
        7,
        1
      ],
      [
        0,
        15,
        2,
        4,
        0,
        0,
        0,
        0,
        0,
        13,
        8,
        372,
        0,
        0,
        1
      ],
      [
        0,
        0,
        0,
        0,
        0,
        0,
        0,
        0,
        0,
        0,
        0,
        0,
        144,
        0,
        0
      ],
      [
        0,
        0,
        0,
        0,
        3,
        0,
        0,
        0,
        0,
        0,
        1,
        1,
        0,
        868,
        13
      ],
      [
        0,
        1,
        0,
        0,
        0,
        0,
        0,
        0,
        0,
        4,
        0,
        0,
        0,
        0,
        265
      ]
    ],
    "old_accuracy": 89.89601135253906,
    "new_accuracy": 98.23076629638672,
    "harmonic_mean": 93.8787612915039,
    "old_count": 5770,