{
  "Strawberry": {
    "precision": 0.9673499298095704,
    "recall": 0.8846522521972656,
    "f1-score": 0.9241547393798828,
    "support": 31314
  },
  "Cowpea": {
    "precision": 0.9749050903320312,
    "recall": 0.7415081024169922,
    "f1-score": 0.8423379516601562,
    "support": 15927
  },
  "Soybean": {
    "precision": 0.9798021697998047,
    "recall": 0.9768087768554687,
    "f1-score": 0.97830322265625,
    "support": 7201
  },
  "Sorghum": {
    "precision": 0.997855224609375,
    "recall": 0.9933279418945312,
    "f1-score": 0.9955864715576171,
    "support": 3747
  },
  "Water spinach": {
    "precision": 0.9578106689453125,
    "recall": 1.0,
    "f1-score": 0.9784508514404296,
    "support": 840
  },
  "Watermelon": {
    "precision": 0.8031230926513672,
    "recall": 0.8266624450683594,
    "f1-score": 0.8147227478027343,
    "support": 3173
  },
  "Greens": {
    "precision": 0.5910943222045898,
    "recall": 0.98305908203125,
    "f1-score": 0.7382769775390625,
    "support": 4132
  },
  "Trees": {
    "precision": 0.8206533813476562,
    "recall": 0.8683248901367188,
    "f1-score": 0.8438163757324219,
    "support": 12584
  },
  "Grass": {
    "precision": 0.7172174835205078,
    "recall": 0.8120096588134765,
    "f1-score": 0.7616755676269531,
    "support": 6628
  },
  "Red roof": {
    "precision": 0.9935484313964844,
    "recall": 0.9414481353759766,
    "f1-score": 0.966796875,
    "support": 7361
  },
  "Gray roof": {
    "precision": 0.8793421173095703,
    "recall": 0.925916519165039,
    "f1-score": 0.9020285034179687,
    "support": 11838
  },
  "Plastic": {
    "precision": 0.6700182342529297,
    "recall": 0.5693203735351563,
    "f1-score": 0.6155783462524415,
    "support": 2575
  },
  "Bare soil": {
    "precision": 0.712419662475586,
    "recall": 0.5555555725097656,
    "f1-score": 0.6242846298217773,
    "support": 6381
  },
  "Road": {
    "precision": 0.7533469390869141,
    "recall": 0.9398860931396484,
    "f1-score": 0.8363411712646485,
    "support": 12992
  },
  "Bright object": {
    "precision": 0.6723116302490234,
    "recall": 0.9987421417236328,
    "f1-score": 0.8036437225341797,
    "support": 795
  },
  "accuracy": 0.8628969001004017,
  "macro avg": {
    "precision": 0.8327198906130221,
    "recall": 0.8678148028636002,
    "f1-score": 0.8417332216325178,
    "support": 127488.0
  },
  "weighted avg": {
    "precision": 0.8769915562241847,
    "recall": 0.8628969001004017,
    "f1-score": 0.8637894561828463,
    "support": 127488.0
  },
  "torch_metrics": {
    "overall_accuracy": 86.28968811035156,
    "balanced_accuracy": 86.78147888183594,
    "average_accuracy": 86.78147888183594,
    "kappa": 84.51798248291016,
    "f1_macro": 84.17332458496094,
    "per_class_accuracy": {
      "0": 88.46522521972656,
      "1": 74.15081024169922,
      "2": 97.68087768554688,
      "3": 99.33279418945312,
      "4": 100.0,
      "5": 82.66624450683594,
      "6": 98.305908203125,
      "7": 86.83248901367188,
      "8": 81.20096588134766,
      "9": 94.14481353759766,
      "10": 92.5916519165039,
      "11": 56.932037353515625,
      "12": 55.55555725097656,
      "13": 93.98860931396484,
      "14": 99.87421417236328
    },
    "precision": {
      "0": 96.73499298095703,
      "1": 97.49050903320312,
      "2": 97.98021697998047,
      "3": 99.7855224609375,
      "4": 95.78106689453125,
      "5": 80.31230926513672,
      "6": 59.109432220458984,
      "7": 82.06533813476562,
      "8": 71.72174835205078,
      "9": 99.35484313964844,
      "10": 87.93421173095703,
      "11": 67.00182342529297,
      "12": 71.2419662475586,
      "13": 75.3346939086914,
      "14": 67.23116302490234
    },
    "recall": {
      "0": 88.46522521972656,
      "1": 74.15081024169922,
      "2": 97.68087768554688,
      "3": 99.33279418945312,
      "4": 100.0,
      "5": 82.66624450683594,
      "6": 98.305908203125,
      "7": 86.83248901367188,
      "8": 81.20096588134766,
      "9": 94.14481353759766,
      "10": 92.5916519165039,
      "11": 56.932037353515625,
      "12": 55.55555725097656,
      "13": 93.98860931396484,
      "14": 99.87421417236328
    },
    "f1_per_class": {
      "0": 92.41547393798828,
      "1": 84.23379516601562,
      "2": 97.830322265625,
      "3": 99.55864715576172,
      "4": 97.84508514404297,
      "5": 81.47227478027344,
      "6": 73.82769775390625,
      "7": 84.38163757324219,
      "8": 76.16755676269531,
      "9": 96.6796875,
      "10": 90.20285034179688,
      "11": 61.55783462524414,
      "12": 62.428462982177734,
      "13": 83.63411712646484,
      "14": 80.36437225341797
    },
    "support": {
      "0": 31314,
      "1": 15927,
      "2": 7201,
      "3": 3747,
      "4": 840,
      "5": 3173,
      "6": 4132,
      "7": 12584,
      "8": 6628,
      "9": 7361,
      "10": 11838,
      "11": 2575,
      "12": 6381,
      "13": 12992,
      "14": 795
    },
    "predicted_count": {
      "0": 28637,
      "1": 12114,
      "2": 7179,
      "3": 3730,
      "4": 877,
      "5": 3266,
      "6": 6872,
      "7": 13315,
      "8": 7504,
      "9": 6975,
      "10": 12465,
      "11": 2188,
      "12": 4976,
      "13": 16209,
      "14": 1181
    },