{
  "Asphalt": {
    "precision": 0.9650543212890625,
    "recall": 0.9756570434570313,
    "f1-score": 0.9703266906738282,
    "support": 4642
  },
  "Meadows": {
    "precision": 0.9970832061767578,
    "recall": 0.9950972747802734,
    "f1-score": 0.9960892486572266,
    "support": 13054
  },
  "Gravel": {
    "precision": 0.8580133819580078,
    "recall": 0.9584751892089843,
    "f1-score": 0.9054662322998047,
    "support": 1469
  },
  "Trees": {
    "precision": 0.9353845977783203,
    "recall": 0.9920745849609375,
    "f1-score": 0.9628959655761719,
    "support": 2145
  },
  "Painted": {
    "precision": 0.9957716369628906,
    "recall": 1.0,
    "f1-score": 0.9978813171386719,
    "support": 942
  },
  "Soil": {
    "precision": 0.9951358795166015,
    "recall": 0.9880681610107422,
    "f1-score": 0.9915894317626953,
    "support": 3520
  },
  "Bitumen": {
    "precision": 0.9618320465087891,
    "recall": 0.9473684692382812,
    "f1-score": 0.9545455169677735,
    "support": 931
  },
  "Bricks": {
    "precision": 0.9611566925048828,
    "recall": 0.8638479614257812,
    "f1-score": 0.9099081420898437,
    "support": 2578
  },
  "Shadows": {
    "precision": 0.9952531433105469,
    "recall": 0.9487179565429688,
    "f1-score": 0.9714285278320313,
    "support": 663
  },
  "accuracy": 0.9755877638258081,
  "macro avg": {
    "precision": 0.9627427817616874,
    "recall": 0.9632562859484969,
    "f1-score": 0.9622367836015309,
    "support": 29944.0
  },
  "weighted avg": {
    "precision": 0.976376028073835,
    "recall": 0.9755877638258081,
    "f1-score": 0.9755419638848027,
    "support": 29944.0
  },
  "torch_metrics": {
    "overall_accuracy": 97.55877685546875,
    "balanced_accuracy": 96.32563018798828,
    "average_accuracy": 96.32563018798828,
    "kappa": 96.76705169677734,
    "f1_macro": 96.22367858886719,
    "per_class_accuracy": {
      "0": 97.56570434570312,
      "1": 99.50972747802734,
      "2": 95.84751892089844,
      "3": 99.20745849609375,
      "4": 100.0,
      "5": 98.80681610107422,
      "6": 94.73684692382812,
      "7": 86.38479614257812,
      "8": 94.87179565429688
    },
    "precision": {
      "0": 96.50543212890625,
      "1": 99.70832061767578,
      "2": 85.80133819580078,
      "3": 93.53845977783203,
      "4": 99.57716369628906,
      "5": 99.51358795166016,
      "6": 96.1832046508789,
      "7": 96.11566925048828,
      "8": 99.52531433105469
    },
    "recall": {
      "0": 97.56570434570312,
      "1": 99.50972747802734,
      "2": 95.84751892089844,
      "3": 99.20745849609375,
      "4": 100.0,
      "5": 98.80681610107422,
      "6": 94.73684692382812,
      "7": 86.38479614257812,
      "8": 94.87179565429688
    },
    "f1_per_class": {
      "0": 97.03266906738281,
      "1": 99.60892486572266,
      "2": 90.54662322998047,
      "3": 96.28959655761719,
      "4": 99.78813171386719,
      "5": 99.15894317626953,
      "6": 95.45455169677734,
      "7": 90.99081420898438,
      "8": 97.14285278320312
    },
    "support": {
      "0": 4642,
      "1": 13054,
      "2": 1469,
      "3": 2145,
      "4": 942,
      "5": 3520,
      "6": 931,
      "7": 2578,
      "8": 663
    },
    "predicted_count": {
      "0": 4693,
      "1": 13028,
      "2": 1641,
      "3": 2275,
      "4": 946,
      "5": 3495,
      "6": 917,
      "7": 2317,
      "8": 632
    },
    "confusion_matrix": [
      [
        4529,
        0,
        38,
        27,
        0,
        0,
        28,
        17,
        3
      ],
      [
        0,
        12990,
        0,
        47,
        0,
        17,
        0,
        0,
        0
      ],
      [
        3,
        0,
        1408,
        0,
        0,
        0,
        2,
        56,
        0
      ],
      [
        0,
        0,
        0,
        2128,
        0,
        0,
        0,
        17,
        0
      ],
      [
        0,
        0,
        0,
        0,
        942,
        0,
        0,
        0,
        0
      ],
      [
        0,
        38,
        0,
        4,
        0,
        3478,
        0,
        0,
        0
      ],
      [
        44,
        0,
        0,
        5,
        0,
        0,
        882,
        0,
        0
      ],
      [
        110,
        0,
        194,
        47,
        0,
        0,
        0,
        2227,
        0
      ],
      [
        7,
        0,
        1,
        17,
        4,
        0,
        5,
        0,
        629
      ]
    ],
    "old_accuracy": 98.84758758544922,
    "new_accuracy": 89.5973129272461,
    "harmonic_mean": 93.99541473388672,
    "old_count": 25772,
    "new_count": 4172,
    "invalid_prediction_rate": 0.0,
    "predicted_unseen_classes": [],
    "predicted_unseen_count": 0,
    "num_samples": 29944,
    "num_classes": 9,
    "classes": [
      0,
      1,
      2,
      3,
      4,
      5,
      6,
      7,
      8
    ]
  },
  "old_new_split": {
    "old_accuracy": 98.84758758544922,
    "new_accuracy": 89.5973129272461,
    "harmonic_mean": 93.99541473388672,
    "old_count": 25772,
    "new_count": 4172
  },
  "invalid_prediction_rate": 0.0
}