{
  "Alfalfa": {
    "precision": 0.84,
    "recall": 1.0,
    "f1-score": 0.9130435180664063,
    "support": 21
  },
  "Corn-notill": {
    "precision": 0.954500503540039,
    "recall": 0.9659659576416015,
    "f1-score": 0.9601990509033204,
    "support": 999
  },
  "Corn-mintill": {
    "precision": 0.9742646789550782,
    "recall": 0.9122203063964843,
    "f1-score": 0.9422222137451172,
    "support": 581
  },
  "Corn": {
    "precision": 0.927374267578125,
    "recall": 1.0,
    "f1-score": 0.9623188018798828,
    "support": 166
  },
  "Grass-pasture": {
    "precision": 0.9653179168701171,
    "recall": 0.9881656646728516,
    "f1-score": 0.9766081237792968,
    "support": 338
  },
  "Grass-trees": {
    "precision": 0.9784735870361329,
    "recall": 0.9784735870361329,
    "f1-score": 0.9784735870361329,
    "support": 511
  },
  "accuracy": 0.9617737003058104,
  "macro avg": {
    "precision": 0.939988500401104,
    "recall": 0.9741375895772196,
    "f1-score": 0.9554775523976226,
    "support": 2616.0
  },
  "weighted avg": {
    "precision": 0.962330037809075,
    "recall": 0.9617737003058104,
    "f1-score": 0.9616522648747832,
    "support": 2616.0
  },
  "torch_metrics": {
    "overall_accuracy": 96.1773681640625,
    "balanced_accuracy": 97.41375732421875,
    "average_accuracy": 97.41375732421875,
    "kappa": 94.87970733642578,
    "f1_macro": 95.5477523803711,
    "per_class_accuracy": {
      "0": 100.0,
      "1": 96.59659576416016,
      "2": 91.22203063964844,
      "3": 100.0,
      "4": 98.81656646728516,
      "5": 97.84735870361328
    },
    "precision": {
      "0": 84.0,
      "1": 95.4500503540039,
      "2": 97.42646789550781,
      "3": 92.7374267578125,
      "4": 96.53179168701172,
      "5": 97.84735870361328
    },
    "recall": {
      "0": 100.0,
      "1": 96.59659576416016,
      "2": 91.22203063964844,
      "3": 100.0,
      "4": 98.81656646728516,
      "5": 97.84735870361328
    },
    "f1_per_class": {
      "0": 91.30435180664062,
      "1": 96.01990509033203,
      "2": 94.22222137451172,
      "3": 96.23188018798828,
      "4": 97.66081237792969,
      "5": 97.84735870361328
    },
    "support": {
      "0": 21,
      "1": 999,
      "2": 581,
      "3": 166,
      "4": 338,
      "5": 511
    },
    "predicted_count": {
      "0": 25,
      "1": 1011,
      "2": 544,
      "3": 179,
      "4": 346,
      "5": 511
    },
    "confusion_matrix": [
      [
        21,
        0,
        0,
        0,
        0,
        0
      ],
      [
        4,
        965,
        14,
        9,
        1,
        6
      ],
      [
        0,
        42,
        530,
        4,
        1,
        4
      ],
      [
        0,
        0,
        0,
        166,
        0,
        0
      ],
      [
        0,
        3,
        0,
        0,
        334,
        1
      ],
      [
        0,
        1,
        0,
        0,
        10,
        500
      ]
    ],
    "old_accuracy": 0.0,
    "new_accuracy": 96.1773681640625,
    "harmonic_mean": 0.0,
    "old_count": 0,
    "new_count": 2616,
    "invalid_prediction_rate": 0.0,
    "predicted_unseen_classes": [],
    "predicted_unseen_count": 0,
    "num_samples": 2616,
    "num_classes": 6,
    "classes": [
      0,
      1,
      2,
      3,
      4,
      5
    ]
  },
  "invalid_prediction_rate": 0.0
}