{
  "Weeds_1": {
    "precision": 0.9978586578369141,
    "recall": 0.9943100738525391,
    "f1-score": 0.9960812377929688,
    "support": 1406
  },
  "Weeds_2": {
    "precision": 0.9969384002685547,
    "recall": 0.9988497161865234,
    "f1-score": 0.9978931427001954,
    "support": 2608
  },
  "Fallow": {
    "precision": 0.9978355407714844,
    "recall": 1.0,
    "f1-score": 0.9989165496826172,
    "support": 1383
  },
  "Fallow_rough_plow": {
    "precision": 0.9769307708740235,
    "recall": 0.9979508209228516,
    "f1-score": 0.987328872680664,
    "support": 976
  },
  "Fallow_smooth": {
    "precision": 0.9983844757080078,
    "recall": 0.9893276977539063,
    "f1-score": 0.99383544921875,
    "support": 1874
  },
  "Stubble": {
    "precision": 1.0,
    "recall": 1.0,
    "f1-score": 1.0,
    "support": 2771
  },
  "Celery": {
    "precision": 1.0,
    "recall": 0.999600830078125,
    "f1-score": 0.9998003387451172,
    "support": 2505
  },
  "Grapes_untrained": {
    "precision": 0.9933430480957032,
    "recall": 0.7754119110107421,
    "f1-score": 0.8709516906738282,
    "support": 7890
  },
  "Soil_vinyard_develop": {
    "precision": 1.0,
    "recall": 0.9949331665039063,
    "f1-score": 0.9974601745605469,
    "support": 4342
  },
  "Corn_Weeds": {
    "precision": 0.9803166198730469,
    "recall": 0.9986922454833984,
    "f1-score": 0.9894190979003906,
    "support": 2294
  },
  "Lettuce_4wk": {
    "precision": 1.0,
    "recall": 1.0,
    "f1-score": 1.0,
    "support": 747
  },
  "Lettuce_5wk": {
    "precision": 1.0,
    "recall": 0.9977761840820313,
    "f1-score": 0.9988867950439453,
    "support": 1349
  },
  "Lettuce_6wk": {
    "precision": 0.99843505859375,
    "recall": 0.9953197479248047,
    "f1-score": 0.996875,
    "support": 641
  },
  "Lettuce_7wk": {
    "precision": 0.9973368835449219,
    "recall": 1.0,
    "f1-score": 0.9986666107177734,
    "support": 749
  },
  "Vinyard_untrained": {
    "precision": 0.7426762390136719,
    "recall": 0.9917436981201172,
    "f1-score": 0.8493266296386719,
    "support": 5087
  },
  "Vinyard_trellis": {
    "precision": 0.9968404388427734,
    "recall": 0.9976284790039063,
    "f1-score": 0.9972342681884766,
    "support": 1265
  },
  "accuracy": 0.9503259693298493,
  "macro avg": {
    "precision": 0.9798060140515367,
    "recall": 0.9832215299576103,
    "f1-score": 0.9795422511798053,
    "support": 37887.0
  },
  "weighted avg": {
    "precision": 0.9616435966618521,
    "recall": 0.9503259693298493,
    "f1-score": 0.9507775277871465,
    "support": 37887.0
  },
  "torch_metrics": {
    "overall_accuracy": 95.0325927734375,
    "balanced_accuracy": 98.32215118408203,
    "average_accuracy": 98.32215118408203,
    "kappa": 94.4901351928711,
    "f1_macro": 97.9542236328125,
    "per_class_accuracy": {
      "0": 99.4310073852539,
      "1": 99.88497161865234,
      "2": 100.0,
      "3": 99.79508209228516,
      "4": 98.93276977539062,
      "5": 100.0,
      "6": 99.9600830078125,
      "7": 77.54119110107422,
      "8": 99.49331665039062,
      "9": 99.86922454833984,
      "10": 100.0,
      "11": 99.77761840820312,
      "12": 99.53197479248047,
      "13": 100.0,
      "14": 99.17436981201172,
      "15": 99.76284790039062
    },
    "precision": {
      "0": 99.7858657836914,
      "1": 99.69384002685547,
      "2": 99.78355407714844,
      "3": 97.69307708740234,
      "4": 99.83844757080078,
      "5": 100.0,
      "6": 100.0,
      "7": 99.33430480957031,
      "8": 100.0,
      "9": 98.03166198730469,
      "10": 100.0,
      "11": 100.0,
      "12": 99.843505859375,
      "13": 99.73368835449219,
      "14": 74.26762390136719,
      "15": 99.68404388427734
    },
    "recall": {
      "0": 99.4310073852539,
      "1": 99.88497161865234,
      "2": 100.0,
      "3": 99.79508209228516,
      "4": 98.93276977539062,
      "5": 100.0,
      "6": 99.9600830078125,
      "7": 77.54119110107422,
      "8": 99.49331665039062,
      "9": 99.86922454833984,
      "10": 100.0,
      "11": 99.77761840820312,
      "12": 99.53197479248047,
      "13": 100.0,
      "14": 99.17436981201172,
      "15": 99.76284790039062
    },
    "f1_per_class": {
      "0": 99.60812377929688,
      "1": 99.78931427001953,
      "2": 99.89165496826172,
      "3": 98.7328872680664,
      "4": 99.383544921875,
      "5": 100.0,
      "6": 99.98003387451172,
      "7": 87.09516906738281,
      "8": 99.74601745605469,
      "9": 98.94190979003906,
      "10": 100.0,
      "11": 99.88867950439453,
      "12": 99.6875,
      "13": 99.86666107177734,
      "14": 84.93266296386719,
      "15": 99.72342681884766
    },
    "support": {
      "0": 1406,
      "1": 2608,
      "2": 1383,
      "3": 976,
      "4": 1874,
      "5": 2771,
      "6": 2505,
      "7": 7890,
      "8": 4342,
      "9": 2294,
      "10": 747,
      "11": 1349,
      "12": 641,
      "13": 749,
      "14": 5087,
      "15": 1265
    },
    "predicted_count": {
      "0": 1401,
      "1": 2613,
      "2": 1386,
      "3": 997,
      "4": 1857,
      "5": 2771,
      "6": 2504,
      "7": 6159,
      "8": 4320,
      "9": 2337,
      "10": 747,
      "11": 1346,
      "12": 639,
      "13": 751,
      "14": 6793,
      "15": 1266
    },