{
  "Corn": {
    "precision": 0.9992131805419922,
    "recall": 0.9987995910644532,
    "f1-score": 0.9990062713623047,
    "support": 24158
  },
  "Cotton": {
    "precision": 0.9967576599121094,
    "recall": 0.9964176177978515,
    "f1-score": 0.9965876007080078,
    "support": 5862
  },
  "Sesame": {
    "precision": 0.9981159210205078,
    "recall": 0.9985862731933594,
    "f1-score": 0.9983509826660156,
    "support": 2122
  },
  "Broad-leaf soybean": {
    "precision": 0.998689193725586,
    "recall": 0.9986214447021484,
    "f1-score": 0.9986553192138672,
    "support": 44249
  },
  "Narrow-leaf soybean": {
    "precision": 0.9886985778808594,
    "recall": 0.9934617614746094,
    "f1-score": 0.9910745239257812,
    "support": 2906
  },
  "accuracy": 0.9983227612646128,
  "macro avg": {
    "precision": 0.9962949030959842,
    "recall": 0.9971773309498099,
    "f1-score": 0.9967349467477089,
    "support": 79297.0
  },
  "weighted avg": {
    "precision": 0.9983245497049996,
    "recall": 0.9983227612646128,
    "f1-score": 0.9983234284432813,
    "support": 79297.0
  },
  "torch_metrics": {
    "overall_accuracy": 99.832275390625,
    "balanced_accuracy": 99.71772766113281,
    "average_accuracy": 99.71772766113281,
    "kappa": 99.71492004394531,
    "f1_macro": 99.67350006103516,
    "per_class_accuracy": {
      "0": 99.87995910644531,
      "1": 99.64176177978516,
      "2": 99.85862731933594,
      "3": 99.86214447021484,
      "4": 99.34617614746094
    },
    "precision": {
      "0": 99.92131805419922,
      "1": 99.67576599121094,
      "2": 99.81159210205078,
      "3": 99.8689193725586,
      "4": 98.86985778808594
    },
    "recall": {
      "0": 99.87995910644531,
      "1": 99.64176177978516,
      "2": 99.85862731933594,
      "3": 99.86214447021484,
      "4": 99.34617614746094
    },
    "f1_per_class": {
      "0": 99.90062713623047,
      "1": 99.65876007080078,
      "2": 99.83509826660156,
      "3": 99.86553192138672,
      "4": 99.10745239257812
    },
    "support": {
      "0": 24158,
      "1": 5862,
      "2": 2122,
      "3": 44249,
      "4": 2906
    },
    "predicted_count": {
      "0": 24148,
      "1": 5860,
      "2": 2123,
      "3": 44246,
      "4": 2920
    },
    "confusion_matrix": [
      [
        24129,
        0,
        0,
        29,
        0
      ],
      [
        0,
        5841,
        2,
        11,
        8
      ],
      [
        0,
        0,
        2119,
        3,
        0
      ],
      [
        19,
        15,
        2,
        44188,
        25
      ],
      [
        0,
        4,
        0,
        15,
        2887
      ]
    ],
    "old_accuracy": 0.0,
    "new_accuracy": 99.832275390625,
    "harmonic_mean": 0.0,
    "old_count": 0,
    "new_count": 79297,
    "invalid_prediction_rate": 0.0,
    "predicted_unseen_classes": [],
    "predicted_unseen_count": 0,
    "num_samples": 79297,
    "num_classes": 5,
    "classes": [
      0,
      1,
      2,
      3,
      4
    ]
  },
  "invalid_prediction_rate": 0.0
}