{
  "Alfalfa": {
    "precision": 0.9130435180664063,
    "recall": 1.0,
    "f1-score": 0.9545454406738281,
    "support": 21
  },
  "Corn-notill": {
    "precision": 0.8127896118164063,
    "recall": 0.8778778839111329,
    "f1-score": 0.8440808868408203,
    "support": 999
  },
  "Corn-mintill": {
    "precision": 0.9128787994384766,
    "recall": 0.8296041870117188,
    "f1-score": 0.8692516326904297,
    "support": 581
  },
  "Corn": {
    "precision": 0.9570552062988281,
    "recall": 0.9397589874267578,
    "f1-score": 0.9483282470703125,
    "support": 166
  },
  "Grass-pasture": {
    "precision": 0.9320113372802734,
    "recall": 0.9733727264404297,
    "f1-score": 0.9522431182861328,
    "support": 338
  },
  "Grass-trees": {
    "precision": 0.9521988677978516,
    "recall": 0.9745596313476562,
    "f1-score": 0.96324951171875,
    "support": 511
  },
  "Grass-pasture-mowed": {
    "precision": 0.4166666412353516,
    "recall": 1.0,
    "f1-score": 0.5882353210449218,
    "support": 5
  },
  "Hay-windrowed": {
    "precision": 1.0,
    "recall": 0.9970059967041016,
    "f1-score": 0.9985007476806641,
    "support": 334
  },
  "Oats": {
    "precision": 0.1,
    "recall": 1.0,
    "f1-score": 0.1818181800842285,
    "support": 1
  },
  "Soybean-notill": {
    "precision": 0.8897892761230469,
    "recall": 0.8061674499511718,
    "f1-score": 0.8459168243408203,
    "support": 681
  },
  "Soybean-mintill": {
    "precision": 0.91089111328125,
    "recall": 0.9103608703613282,
    "f1-score": 0.9106258392333985,
    "support": 1718
  },
  "Soybean-clean": {
    "precision": 0.9305912780761719,
    "recall": 0.8722891998291016,
    "f1-score": 0.9004975128173828,
    "support": 415
  },
  "Wheat": {
    "precision": 0.9795918273925781,
    "recall": 1.0,
    "f1-score": 0.9896907043457032,
    "support": 144
  },
  "Woods": {
    "precision": 0.9796839904785156,
    "recall": 0.9796839904785156,
    "f1-score": 0.9796839904785156,
    "support": 886
  },
  "Buildings-Grass-Trees-Drives": {
    "precision": 0.9464286041259765,
    "recall": 0.9814814758300782,
    "f1-score": 0.9636363983154297,
    "support": 270
  },
  "Stone-Steel-Towers": {
    "precision": 0.8648648834228516,
    "recall": 1.0,
    "f1-score": 0.9275362396240234,
    "support": 64
  },
  "accuracy": 0.9136529296327446,
  "macro avg": {
    "precision": 0.8436553030959085,
    "recall": 0.9463851498412261,
    "f1-score": 0.863615032639823,
    "support": 7134.0
  },
  "weighted avg": {
    "precision": 0.9160614425758103,
    "recall": 0.9136529296327446,
    "f1-score": 0.914035817685435,
    "support": 7134.0
  },
  "torch_metrics": {
    "overall_accuracy": 91.36529541015625,
    "balanced_accuracy": 94.63851165771484,
    "average_accuracy": 94.63851165771484,
    "kappa": 90.13923645019531,
    "f1_macro": 86.36150360107422,
    "per_class_accuracy": {
      "0": 100.0,
      "1": 87.78778839111328,
      "2": 82.96041870117188,
      "3": 93.97589874267578,
      "4": 97.33727264404297,
      "5": 97.45596313476562,
      "6": 100.0,
      "7": 99.70059967041016,
      "8": 100.0,
      "9": 80.61674499511719,
      "10": 91.03608703613281,
      "11": 87.22891998291016,
      "12": 100.0,
      "13": 97.96839904785156,
      "14": 98.14814758300781,
      "15": 100.0
    },
    "precision": {
      "0": 91.30435180664062,
      "1": 81.27896118164062,
      "2": 91.28787994384766,
      "3": 95.70552062988281,
      "4": 93.20113372802734,
      "5": 95.21988677978516,
      "6": 41.666664123535156,
      "7": 100.0,
      "8": 10.0,
      "9": 88.97892761230469,
      "10": 91.089111328125,
      "11": 93.05912780761719,
      "12": 97.95918273925781,
      "13": 97.96839904785156,
      "14": 94.64286041259766,
      "15": 86.48648834228516
    },
    "recall": {
      "0": 100.0,
      "1": 87.78778839111328,
      "2": 82.96041870117188,
      "3": 93.97589874267578,
      "4": 97.33727264404297,
      "5": 97.45596313476562,
      "6": 100.0,
      "7": 99.70059967041016,
      "8": 100.0,
      "9": 80.61674499511719,
      "10": 91.03608703613281,
      "11": 87.22891998291016,
      "12": 100.0,
      "13": 97.96839904785156,
      "14": 98.14814758300781,
      "15": 100.0
    },
    "f1_per_class": {
      "0": 95.45454406738281,
      "1": 84.40808868408203,
      "2": 86.92516326904297,
      "3": 94.83282470703125,
      "4": 95.22431182861328,
      "5": 96.324951171875,
      "6": 58.82353210449219,
      "7": 99.8500747680664,
      "8": 18.18181800842285,
      "9": 84.59168243408203,
      "10": 91.06258392333984,
      "11": 90.04975128173828,
      "12": 98.96907043457031,
      "13": 97.96839904785156,
      "14": 96.36363983154297,
      "15": 92.75362396240234
    },
    "support": {
      "0": 21,
      "1": 999,
      "2": 581,
      "3": 166,
      "4": 338,
      "5": 511,
      "6": 5,
      "7": 334,
      "8": 1,
      "9": 681,
      "10": 1718,
      "11": 415,
      "12": 144,
      "13": 886,
      "14": 270,
      "15": 64
    },
    "predicted_count": {
      "0": 23,
      "1": 1079,
      "2": 528,
      "3": 163,
      "4": 353,
      "5": 523,
      "6": 12,
      "7": 333,
      "8": 10,
      "9": 617,
      "10": 1717,
      "11": 389,
      "12": 147,
      "13": 886,
      "14": 280,
      "15": 74
    },