{
  "Alfalfa": {
    "precision": 0.875,
    "recall": 1.0,
    "f1-score": 0.9333333587646484,
    "support": 21
  },
  "Corn-notill": {
    "precision": 0.7865168762207031,
    "recall": 0.7707707977294922,
    "f1-score": 0.7785641479492188,
    "support": 999
  },
  "Corn-mintill": {
    "precision": 0.8602941131591797,
    "recall": 0.8055077362060546,
    "f1-score": 0.8320000457763672,
    "support": 581
  },
  "Corn": {
    "precision": 0.9071038055419922,
    "recall": 1.0,
    "f1-score": 0.9512894439697266,
    "support": 166
  },
  "Grass-pasture": {
    "precision": 0.9356725311279297,
    "recall": 0.94674560546875,
    "f1-score": 0.9411764526367188,
    "support": 338
  },
  "Grass-trees": {
    "precision": 0.9669261169433594,
    "recall": 0.9726026916503906,
    "f1-score": 0.9697560882568359,
    "support": 511
  },
  "Grass-pasture-mowed": {
    "precision": 0.2777777862548828,
    "recall": 1.0,
    "f1-score": 0.4347826385498047,
    "support": 5
  },
  "Hay-windrowed": {
    "precision": 1.0,
    "recall": 0.9760478973388672,
    "f1-score": 0.9878787994384766,
    "support": 334
  },
  "Oats": {
    "precision": 1.0,
    "recall": 1.0,
    "f1-score": 1.0,
    "support": 1
  },
  "Soybean-notill": {
    "precision": 0.7257861328125,
    "recall": 0.8472834014892578,
    "f1-score": 0.7818428039550781,
    "support": 681
  },
  "Soybean-mintill": {
    "precision": 0.9109980773925781,
    "recall": 0.8341094207763672,
    "f1-score": 0.8708599090576172,
    "support": 1718
  },
  "Soybean-clean": {
    "precision": 0.8134831237792969,
    "recall": 0.8722891998291016,
    "f1-score": 0.8418605041503906,
    "support": 415
  },
  "Wheat": {
    "precision": 0.9720279693603515,
    "recall": 0.9652777862548828,
    "f1-score": 0.968641128540039,
    "support": 144
  },
  "Woods": {
    "precision": 0.9881235504150391,
    "recall": 0.9390518951416016,
    "f1-score": 0.9629629516601562,
    "support": 886
  },
  "Buildings-Grass-Trees-Drives": {
    "precision": 0.7888563537597656,
    "recall": 0.9962963104248047,
    "f1-score": 0.880523681640625,
    "support": 270
  },
  "accuracy": 0.8749646393210749,
  "macro avg": {
    "precision": 0.8539044236007513,
    "recall": 0.9283988471897258,
    "f1-score": 0.8756981277787314,
    "support": 7070.0
  },
  "weighted avg": {
    "precision": 0.8807145893149638,
    "recall": 0.8749646393210749,
    "f1-score": 0.8760729042717403,
    "support": 7070.0
  },
  "torch_metrics": {
    "overall_accuracy": 87.49646759033203,
    "balanced_accuracy": 92.83988189697266,
    "average_accuracy": 92.83988189697266,
    "kappa": 85.75868225097656,
    "f1_macro": 87.56981658935547,
    "per_class_accuracy": {
      "0": 100.0,
      "1": 77.07707977294922,
      "2": 80.55077362060547,
      "3": 100.0,
      "4": 94.674560546875,
      "5": 97.26026916503906,
      "6": 100.0,
      "7": 97.60478973388672,
      "8": 100.0,
      "9": 84.72834014892578,
      "10": 83.41094207763672,
      "11": 87.22891998291016,
      "12": 96.52777862548828,
      "13": 93.90518951416016,
      "14": 99.62963104248047
    },
    "precision": {
      "0": 87.5,
      "1": 78.65168762207031,
      "2": 86.02941131591797,
      "3": 90.71038055419922,
      "4": 93.56725311279297,
      "5": 96.69261169433594,
      "6": 27.77777862548828,
      "7": 100.0,
      "8": 100.0,
      "9": 72.57861328125,
      "10": 91.09980773925781,
      "11": 81.34831237792969,
      "12": 97.20279693603516,
      "13": 98.8123550415039,
      "14": 78.88563537597656
    },
    "recall": {
      "0": 100.0,
      "1": 77.07707977294922,
      "2": 80.55077362060547,
      "3": 100.0,
      "4": 94.674560546875,
      "5": 97.26026916503906,
      "6": 100.0,
      "7": 97.60478973388672,
      "8": 100.0,
      "9": 84.72834014892578,
      "10": 83.41094207763672,
      "11": 87.22891998291016,
      "12": 96.52777862548828,
      "13": 93.90518951416016,
      "14": 99.62963104248047
    },
    "f1_per_class": {
      "0": 93.33333587646484,
      "1": 77.85641479492188,
      "2": 83.20000457763672,
      "3": 95.12894439697266,
      "4": 94.11764526367188,
      "5": 96.9756088256836,
      "6": 43.47826385498047,
      "7": 98.78787994384766,
      "8": 100.0,
      "9": 78.18428039550781,
      "10": 87.08599090576172,
      "11": 84.18605041503906,
      "12": 96.8641128540039,
      "13": 96.29629516601562,
      "14": 88.0523681640625
    },
    "support": {
      "0": 21,
      "1": 999,
      "2": 581,
      "3": 166,
      "4": 338,
      "5": 511,
      "6": 5,
      "7": 334,
      "8": 1,
      "9": 681,
      "10": 1718,
      "11": 415,
      "12": 144,
      "13": 886,
      "14": 270
    },
    "predicted_count": {
      "0": 24,
      "1": 979,
      "2": 544,
      "3": 183,
      "4": 342,
      "5": 514,
      "6": 18,
      "7": 326,
      "8": 1,
      "9": 795,
      "10": 1573,
      "11": 445,
      "12": 143,
      "13": 842,
      "14": 341
    },
    "confusion_matrix": [
      [
        21,
        0,
        0,
        0,
        0,
        0,
        0,
        0,
        0,
        0,
        0,
        0,
        0,
        0,
        0
      ],
      [
        1,
        770,
        9,
        9,
        1,
        2,
        0,
        0,
        0,
        125,
        62,
        20,
        0,
        0,
        0
      ],
      [
        0,
        27,
        468,
        3,
        2,
        0,
        0,
        0,
        0,
        14,
        47,
        16,
        4,
        0,
        0
      ],
      [
        0,
        0,
        0,
        166,
        0,
        0,
        0,
        0,
        0,
        0,
        0,
        0,
        0,
        0,
        0
      ],
      [
        0,
        3,
        0,
        0,
        320,
        1,
        13,
        0,
        0,
        0,
        0,
        0,
        0,
        1,
        0
      ],
      [
        0,
        0,
        0,
        0,
        6,
        497,
        0,
        0,
        0,
        0,
        1,
        0,
        0,
        7,
        0
      ],
      [
        0,
        0,
        0,
        0,
        0,
        0,
        5,
        0,
        0,
        0,
        0,
        0,
        0,
        0,
        0
      ],
      [
        0,
        3,
        0,
        0,
        0,
        0,
        0,
        326,
        0,
        1,
        4,
        0,
        0,
        0,
        0
      ],
      [
        0,
        0,
        0,
        0,
        0,
        0,
        0,
        0,
        1,
        0,
        0,
        0,
        0,
        0,
        0
      ],
      [
        2,
        25,
        16,
        0,
        1,
        1,
        0,
        0,
        0,
        577,
        25,
        26,
        0,
        0,
        8
      ],
      [
        0,
        123,
        40,
        0,
        5,
        13,
        0,
        0,
        0,
        69,
        1433,
        20,
        0,
        2,
        13
      ],
      [
        0,
        28,
        11,
        5,
        0,
        0,
        0,
        0,
        0,
        8,
        1,
        362,
        0,
        0,
        0
      ],
      [
        0,
        0,
        0,
        0,
        5,
        0,
        0,
        0,
        0,
        0,
        0,
        0,
        139,
        0,
        0
      ],
      [
        0,
        0,
        0,
        0,
        2,
        0,
        0,
        0,
        0,
        1,
        0,
        0,
        0,
        832,
        51
      ],
      [
        0,
        0,
        0,
        0,
        0,
        0,
        0,
        0,
        0,
        0,
        0,
        1,
        0,
        0,
        269
      ]
    ],
    "old_accuracy": 85.71923828125,
    "new_accuracy": 95.38461303710938,
    "harmonic_mean": 90.29400634765625,
    "old_count": 5770,
    "new_count": 1300,
    "invalid_prediction_rate": 0.0,