{
  "Asphalt": {
    "precision": 0.9584710693359375,
    "recall": 0.9993537139892578,
    "f1-score": 0.9784854888916016,
    "support": 4642
  },
  "Meadows": {
    "precision": 0.9916154479980469,
    "recall": 0.951279296875,
    "f1-score": 0.9710286712646484,
    "support": 13054
  },
  "Gravel": {
    "precision": 0.996558837890625,
    "recall": 0.985704574584961,
    "f1-score": 0.9911019897460938,
    "support": 1469
  },
  "Trees": {
    "precision": 0.9906803131103515,
    "recall": 0.9911421966552735,
    "f1-score": 0.9909112548828125,
    "support": 2145
  },
  "Painted": {
    "precision": 1.0,
    "recall": 1.0,
    "f1-score": 1.0,
    "support": 942
  },
  "Soil": {
    "precision": 0.8447635650634766,
    "recall": 0.9693182373046875,
    "f1-score": 0.9027649688720704,
    "support": 3520
  },
  "Bitumen": {
    "precision": 1.0,
    "recall": 0.8163265228271485,
    "f1-score": 0.8988763427734375,
    "support": 931
  },
  "accuracy": 0.9641238812118489,
  "macro avg": {
    "precision": 0.968869890944038,
    "recall": 0.9590177846719804,
    "f1-score": 0.9618812464386399,
    "support": 26703.0
  },
  "weighted avg": {
    "precision": 0.967280548825265,
    "recall": 0.9641238812118489,
    "f1-score": 0.964534240961719,
    "support": 26703.0
  },
  "torch_metrics": {
    "overall_accuracy": 96.41239166259766,
    "balanced_accuracy": 95.90177917480469,
    "average_accuracy": 95.90177917480469,
    "kappa": 94.92992401123047,
    "f1_macro": 96.1881332397461,
    "per_class_accuracy": {
      "0": 99.93537139892578,
      "1": 95.1279296875,
      "2": 98.5704574584961,
      "3": 99.11421966552734,
      "4": 100.0,
      "5": 96.93182373046875,
      "6": 81.63265228271484
    },
    "precision": {
      "0": 95.84710693359375,
      "1": 99.16154479980469,
      "2": 99.6558837890625,
      "3": 99.06803131103516,
      "4": 100.0,
      "5": 84.47635650634766,
      "6": 100.0
    },
    "recall": {
      "0": 99.93537139892578,
      "1": 95.1279296875,
      "2": 98.5704574584961,
      "3": 99.11421966552734,
      "4": 100.0,
      "5": 96.93182373046875,
      "6": 81.63265228271484
    },
    "f1_per_class": {
      "0": 97.84854888916016,
      "1": 97.10286712646484,
      "2": 99.11019897460938,
      "3": 99.09112548828125,
      "4": 100.0,
      "5": 90.27649688720703,
      "6": 89.88763427734375
    },
    "support": {
      "0": 4642,
      "1": 13054,
      "2": 1469,
      "3": 2145,
      "4": 942,
      "5": 3520,
      "6": 931
    },
    "predicted_count": {
      "0": 4840,
      "1": 12523,
      "2": 1453,
      "3": 2146,
      "4": 942,
      "5": 4039,
      "6": 760
    },
    "confusion_matrix": [
      [
        4639,
        0,
        3,
        0,
        0,
        0,
        0
      ],
      [
        0,
        12418,
        0,
        15,
        0,
        621,
        0
      ],
      [
        21,
        0,
        1448,
        0,
        0,
        0,
        0
      ],
      [
        13,
        1,
        0,
        2126,
        0,
        5,
        0
      ],
      [
        0,
        0,
        0,
        0,
        942,
        0,
        0
      ],
      [
        0,
        104,
        0,
        4,
        0,
        3412,
        0
      ],
      [
        167,
        0,
        2,
        1,
        0,
        1,
        760
      ]
    ],
    "old_accuracy": 96.9485855102539,
    "new_accuracy": 93.73174285888672,
    "harmonic_mean": 95.31303405761719,
    "old_count": 22252,
    "new_count": 4451,
    "invalid_prediction_rate": 0.0,
    "predicted_unseen_classes": [],
    "predicted_unseen_count": 0,
    "num_samples": 26703,
    "num_classes": 7,
    "classes": [
      0,
      1,
      2,
      3,
      4,
      5,
      6
    ]
  },
  "old_new_split": {
    "old_accuracy": 96.9485855102539,
    "new_accuracy": 93.73174285888672,
    "harmonic_mean": 95.31303405761719,
    "old_count": 22252,
    "new_count": 4451
  },
  "invalid_prediction_rate": 0.0
}