{
  "Strawberry": {
    "precision": 0.9943988037109375,
    "recall": 0.9921440887451172,
    "f1-score": 0.9932701110839843,
    "support": 31314
  },
  "Cowpea": {
    "precision": 0.9989844512939453,
    "recall": 0.9881961059570312,
    "f1-score": 0.9935610198974609,
    "support": 15927
  },
  "Soybean": {
    "precision": 0.9969465637207031,
    "recall": 0.9975003814697265,
    "f1-score": 0.9972233581542969,
    "support": 7201
  },
  "Sorghum": {
    "precision": 0.9991973876953125,
    "recall": 0.9967974090576172,
    "f1-score": 0.9979960632324218,
    "support": 3747
  },
  "Water spinach": {
    "precision": 0.9976246643066407,
    "recall": 1.0,
    "f1-score": 0.9988109588623046,
    "support": 840
  },
  "Watermelon": {
    "precision": 0.8958760070800781,
    "recall": 0.9653324890136719,
    "f1-score": 0.9293083190917969,
    "support": 3173
  },
  "accuracy": 0.9907720009002926,
  "macro avg": {
    "precision": 0.9805046469309873,
    "recall": 0.9899950853083935,
    "f1-score": 0.9850282855189088,
    "support": 62202.0
  },
  "weighted avg": {
    "precision": 0.9911747513680808,
    "recall": 0.9907720009002926,
    "f1-score": 0.990899008812966,
    "support": 62202.0
  },
  "torch_metrics": {
    "overall_accuracy": 99.07720184326172,
    "balanced_accuracy": 98.99950408935547,
    "average_accuracy": 98.99950408935547,
    "kappa": 98.60660552978516,
    "f1_macro": 98.50282287597656,
    "per_class_accuracy": {
      "0": 99.21440887451172,
      "1": 98.81961059570312,
      "2": 99.75003814697266,
      "3": 99.67974090576172,
      "4": 100.0,
      "5": 96.53324890136719
    },
    "precision": {
      "0": 99.43988037109375,
      "1": 99.89844512939453,
      "2": 99.69465637207031,
      "3": 99.91973876953125,
      "4": 99.76246643066406,
      "5": 89.58760070800781
    },
    "recall": {
      "0": 99.21440887451172,
      "1": 98.81961059570312,
      "2": 99.75003814697266,
      "3": 99.67974090576172,
      "4": 100.0,
      "5": 96.53324890136719
    },
    "f1_per_class": {
      "0": 99.32701110839844,
      "1": 99.3561019897461,
      "2": 99.72233581542969,
      "3": 99.79960632324219,
      "4": 99.88109588623047,
      "5": 92.93083190917969
    },
    "support": {
      "0": 31314,
      "1": 15927,
      "2": 7201,
      "3": 3747,
      "4": 840,
      "5": 3173
    },
    "predicted_count": {
      "0": 31243,
      "1": 15755,
      "2": 7205,
      "3": 3738,
      "4": 842,
      "5": 3419
    },
    "confusion_matrix": [
      [
        31068,
        2,
        0,
        0,
        0,
        244
      ],
      [
        82,
        15739,
        9,
        0,
        0,
        97
      ],
      [
        0,
        0,
        7183,
        3,
        0,
        15
      ],
      [
        0,
        0,
        12,
        3735,
        0,
        0
      ],
      [
        0,
        0,
        0,
        0,
        840,
        0
      ],
      [
        93,
        14,
        1,
        0,
        2,
        3063
      ]
    ],
    "old_accuracy": 0.0,
    "new_accuracy": 99.07720184326172,
    "harmonic_mean": 0.0,
    "old_count": 0,
    "new_count": 62202,
    "invalid_prediction_rate": 0.0,
    "predicted_unseen_classes": [],
    "predicted_unseen_count": 0,
    "num_samples": 62202,
    "num_classes": 6,
    "classes": [
      0,
      1,
      2,
      3,
      4,
      5
    ]
  },
  "invalid_prediction_rate": 0.0
}