{
  "Alfalfa": {
    "precision": 1.0,
    "recall": 1.0,
    "f1-score": 1.0,
    "support": 21
  },
  "Corn-notill": {
    "precision": 0.941849365234375,
    "recall": 0.9889890289306641,
    "f1-score": 0.9648436737060547,
    "support": 999
  },
  "Corn-mintill": {
    "precision": 0.9865642547607422,
    "recall": 0.8846815490722656,
    "f1-score": 0.9328493499755859,
    "support": 581
  },
  "Corn": {
    "precision": 0.968944091796875,
    "recall": 0.9397589874267578,
    "f1-score": 0.95412841796875,
    "support": 166
  },
  "Grass-pasture": {
    "precision": 0.957507095336914,
    "recall": 1.0,
    "f1-score": 0.9782923126220703,
    "support": 338
  },
  "Grass-trees": {
    "precision": 0.9863013458251954,
    "recall": 0.9863013458251954,
    "f1-score": 0.9863013458251954,
    "support": 511
  },
  "accuracy": 0.9636850152905199,
  "macro avg": {
    "precision": 0.9735277051968841,
    "recall": 0.9666218297455575,
    "f1-score": 0.9694025424963101,
    "support": 2616.0
  },
  "weighted avg": {
    "precision": 0.9646725929709243,
    "recall": 0.9636850152905199,
    "f1-score": 0.9632693103287392,
    "support": 2616.0
  },
  "torch_metrics": {
    "overall_accuracy": 96.36849975585938,
    "balanced_accuracy": 96.66218566894531,
    "average_accuracy": 96.66218566894531,
    "kappa": 95.11288452148438,
    "f1_macro": 96.94024658203125,
    "per_class_accuracy": {
      "0": 100.0,
      "1": 98.8989028930664,
      "2": 88.46815490722656,
      "3": 93.97589874267578,
      "4": 100.0,
      "5": 98.63013458251953
    },
    "precision": {
      "0": 100.0,
      "1": 94.1849365234375,
      "2": 98.65642547607422,
      "3": 96.8944091796875,
      "4": 95.7507095336914,
      "5": 98.63013458251953
    },
    "recall": {
      "0": 100.0,
      "1": 98.8989028930664,
      "2": 88.46815490722656,
      "3": 93.97589874267578,
      "4": 100.0,
      "5": 98.63013458251953
    },
    "f1_per_class": {
      "0": 100.0,
      "1": 96.48436737060547,
      "2": 93.2849349975586,
      "3": 95.412841796875,
      "4": 97.82923126220703,
      "5": 98.63013458251953
    },
    "support": {
      "0": 21,
      "1": 999,
      "2": 581,
      "3": 166,
      "4": 338,
      "5": 511
    },
    "predicted_count": {
      "0": 21,
      "1": 1049,
      "2": 521,
      "3": 161,
      "4": 353,
      "5": 511
    },
    "confusion_matrix": [
      [
        21,
        0,
        0,
        0,
        0,
        0
      ],
      [
        0,
        988,
        1,
        0,
        5,
        5
      ],
      [
        0,
        56,
        514,
        3,
        6,
        2
      ],
      [
        0,
        4,
        6,
        156,
        0,
        0
      ],
      [
        0,
        0,
        0,
        0,
        338,
        0
      ],
      [
        0,
        1,
        0,
        2,
        4,
        504
      ]
    ],
    "old_accuracy": 0.0,
    "new_accuracy": 96.36849975585938,
    "harmonic_mean": 0.0,
    "old_count": 0,
    "new_count": 2616,
    "invalid_prediction_rate": 0.0,
    "predicted_unseen_classes": [],
    "predicted_unseen_count": 0,
    "num_samples": 2616,
    "num_classes": 6,
    "classes": [
      0,
      1,
      2,
      3,
      4,
      5
    ]
  },
  "invalid_prediction_rate": 0.0
}