class_id,class_name,precision_percent,recall_percent,f1_percent,accuracy_percent,support,predicted_count
0,Weeds_1,99.64311218261719,99.28876495361328,99.46562194824219,99.28876495361328,1406,1401
1,Weeds_2,99.61729431152344,99.80828094482422,99.71269989013672,99.80828094482422,2608,2613
2,Fallow,100.0,100.0,100.0,100.0,1383,1383
3,Fallow_rough_plow,97.98792266845703,99.79508209228516,98.88324737548828,99.79508209228516,976,994
4,Fallow_smooth,99.89224243164062,98.93276977539062,99.41019439697266,98.93276977539062,1874,1856
5,Stubble,100.0,100.0,100.0,100.0,2771,2771
6,Celery,99.80079650878906,100.0,99.9002914428711,100.0,2505,2510
7,Grapes_untrained,100.0,99.93663024902344,99.96829986572266,99.93663024902344,7890,7885
8,Soil_vinyard_develop,100.0,100.0,100.0,100.0,4342,4342
