{
  "Weeds_1": {
    "precision": 0.9964311218261719,
    "recall": 0.9928876495361328,
    "f1-score": 0.9946562194824219,
    "support": 1406
  },
  "Weeds_2": {
    "precision": 0.9961729431152344,
    "recall": 0.9980828094482422,
    "f1-score": 0.9971269989013671,
    "support": 2608
  },
  "Fallow": {
    "precision": 1.0,
    "recall": 1.0,
    "f1-score": 1.0,
    "support": 1383
  },
  "Fallow_rough_plow": {
    "precision": 0.9798792266845703,
    "recall": 0.9979508209228516,
    "f1-score": 0.9888324737548828,
    "support": 976
  },
  "Fallow_smooth": {
    "precision": 0.9989224243164062,
    "recall": 0.9893276977539063,
    "f1-score": 0.9941019439697265,
    "support": 1874
  },
  "Stubble": {
    "precision": 1.0,
    "recall": 1.0,
    "f1-score": 1.0,
    "support": 2771
  },
  "Celery": {
    "precision": 0.9980079650878906,
    "recall": 1.0,
    "f1-score": 0.9990029144287109,
    "support": 2505
  },
  "Grapes_untrained": {
    "precision": 1.0,
    "recall": 0.9993663024902344,
    "f1-score": 0.9996829986572265,
    "support": 7890
  },
  "Soil_vinyard_develop": {
    "precision": 1.0,
    "recall": 1.0,
    "f1-score": 1.0,
    "support": 4342
  },
  "accuracy": 0.9983692486895749,
  "macro avg": {
    "precision": 0.9966015288278053,
    "recall": 0.9975127993413193,
    "f1-score": 0.9970448446188838,
    "support": 25755.0
  },
  "weighted avg": {
    "precision": 0.998382994655126,
    "recall": 0.9983692486895749,
    "f1-score": 0.9983709162379065,
    "support": 25755.0
  },
  "torch_metrics": {
    "overall_accuracy": 99.83692932128906,
    "balanced_accuracy": 99.75128173828125,
    "average_accuracy": 99.75128173828125,
    "kappa": 99.80445098876953,
    "f1_macro": 99.70448303222656,
    "per_class_accuracy": {
      "0": 99.28876495361328,
      "1": 99.80828094482422,
      "2": 100.0,
      "3": 99.79508209228516,
      "4": 98.93276977539062,
      "5": 100.0,
      "6": 100.0,
      "7": 99.93663024902344,
      "8": 100.0
    },
    "precision": {
      "0": 99.64311218261719,
      "1": 99.61729431152344,
      "2": 100.0,
      "3": 97.98792266845703,
      "4": 99.89224243164062,
      "5": 100.0,
      "6": 99.80079650878906,
      "7": 100.0,
      "8": 100.0
    },
    "recall": {
      "0": 99.28876495361328,
      "1": 99.80828094482422,
      "2": 100.0,
      "3": 99.79508209228516,
      "4": 98.93276977539062,
      "5": 100.0,
      "6": 100.0,
      "7": 99.93663024902344,
      "8": 100.0
    },
    "f1_per_class": {
      "0": 99.46562194824219,
      "1": 99.71269989013672,
      "2": 100.0,
      "3": 98.88324737548828,
      "4": 99.41019439697266,
      "5": 100.0,
      "6": 99.9002914428711,
      "7": 99.96829986572266,
      "8": 100.0
    },
    "support": {
      "0": 1406,
      "1": 2608,
      "2": 1383,
      "3": 976,
      "4": 1874,
      "5": 2771,
      "6": 2505,
      "7": 7890,
      "8": 4342
    },
    "predicted_count": {
      "0": 1401,
      "1": 2613,
      "2": 1383,
      "3": 994,
      "4": 1856,
      "5": 2771,
      "6": 2510,
      "7": 7885,
      "8": 4342
    },
    "confusion_matrix": [
      [
        1396,
        10,
        0,
        0,
        0,
        0,
        0,
        0,
        0
      ],
      [
        5,
        2603,
        0,
        0,
        0,
        0,
        0,
        0,
        0
      ],
      [
        0,
        0,
        1383,
        0,
        0,
        0,
        0,
        0,
        0
      ],
      [
        0,
        0,
        0,
        974,
        2,
        0,
        0,
        0,
        0
      ],
      [
        0,
        0,
        0,
        20,
        1854,
        0,
        0,
        0,
        0
      ],
      [
        0,
        0,
        0,
        0,
        0,
        2771,
        0,
        0,
        0
      ],
      [
        0,
        0,
        0,
        0,
        0,
        0,
        2505,
        0,
        0
      ],
      [
        0,
        0,
        0,
        0,
        0,
        0,
        5,
        7885,
        0
      ],
      [
        0,
        0,
        0,
        0,
        0,
        0,
        0,
        0,
        4342
      ]
    ],
    "old_accuracy": 99.6641845703125,
    "new_accuracy": 99.96607208251953,
    "harmonic_mean": 99.81490325927734,
    "old_count": 11018,
    "new_count": 14737,
    "invalid_prediction_rate": 0.0,
    "predicted_unseen_classes": [],
    "predicted_unseen_count": 0,
    "num_samples": 25755,
    "num_classes": 9,
    "classes": [
      0,
      1,
      2,
      3,
      4,
      5,
      6,
      7,
      8
    ]
  },
  "old_new_split": {
    "old_accuracy": 99.6641845703125,
    "new_accuracy": 99.96607208251953,
    "harmonic_mean": 99.81490325927734,
    "old_count": 11018,
    "new_count": 14737
  },
  "invalid_prediction_rate": 0.0
}