class_id,class_name,precision_percent,recall_percent,f1_percent,accuracy_percent,support,predicted_count
0,Alfalfa,87.5,100.0,93.33333587646484,100.0,21,24
1,Corn-notill,94.8919448852539,96.69670104980469,95.78582763671875,96.69670104980469,999,1018
2,Corn-mintill,97.39776611328125,90.18932342529297,93.6550521850586,90.18932342529297,581,538
3,Corn,93.25843048095703,100.0,96.51162719726562,100.0,166,178
4,Grass-pasture,96.25360107421875,98.81656646728516,97.51824951171875,98.81656646728516,338,347
5,Grass-trees,97.84735870361328,97.84735870361328,97.84735870361328,97.84735870361328,511,511
