{
  "Alfalfa": {
    "precision": 0.875,
    "recall": 1.0,
    "f1-score": 0.9333333587646484,
    "support": 21
  },
  "Corn-notill": {
    "precision": 0.9489194488525391,
    "recall": 0.9669670104980469,
    "f1-score": 0.9578582763671875,
    "support": 999
  },
  "Corn-mintill": {
    "precision": 0.9739776611328125,
    "recall": 0.9018932342529297,
    "f1-score": 0.936550521850586,
    "support": 581
  },
  "Corn": {
    "precision": 0.9325843048095703,
    "recall": 1.0,
    "f1-score": 0.9651162719726563,
    "support": 166
  },
  "Grass-pasture": {
    "precision": 0.9625360107421875,
    "recall": 0.9881656646728516,
    "f1-score": 0.9751824951171875,
    "support": 338
  },
  "Grass-trees": {
    "precision": 0.9784735870361329,
    "recall": 0.9784735870361329,
    "f1-score": 0.9784735870361329,
    "support": 511
  },
  "accuracy": 0.9598623853211009,
  "macro avg": {
    "precision": 0.945248503166673,
    "recall": 0.9725832526815172,
    "f1-score": 0.9577523953556398,
    "support": 2616.0
  },
  "weighted avg": {
    "precision": 0.9603871314604784,
    "recall": 0.9598623853211009,
    "f1-score": 0.9596548791189768,
    "support": 2616.0
  },
  "torch_metrics": {
    "overall_accuracy": 95.98624420166016,
    "balanced_accuracy": 97.2583236694336,
    "average_accuracy": 97.2583236694336,
    "kappa": 94.61984252929688,
    "f1_macro": 95.77523803710938,
    "per_class_accuracy": {
      "0": 100.0,
      "1": 96.69670104980469,
      "2": 90.18932342529297,
      "3": 100.0,
      "4": 98.81656646728516,
      "5": 97.84735870361328
    },
    "precision": {
      "0": 87.5,
      "1": 94.8919448852539,
      "2": 97.39776611328125,
      "3": 93.25843048095703,
      "4": 96.25360107421875,
      "5": 97.84735870361328
    },
    "recall": {
      "0": 100.0,
      "1": 96.69670104980469,
      "2": 90.18932342529297,
      "3": 100.0,
      "4": 98.81656646728516,
      "5": 97.84735870361328
    },
    "f1_per_class": {
      "0": 93.33333587646484,
      "1": 95.78582763671875,
      "2": 93.6550521850586,
      "3": 96.51162719726562,
      "4": 97.51824951171875,
      "5": 97.84735870361328
    },
    "support": {
      "0": 21,
      "1": 999,
      "2": 581,
      "3": 166,
      "4": 338,
      "5": 511
    },
    "predicted_count": {
      "0": 24,
      "1": 1018,
      "2": 538,
      "3": 178,
      "4": 347,
      "5": 511
    },
    "confusion_matrix": [
      [
        21,
        0,
        0,
        0,
        0,
        0
      ],
      [
        3,
        966,
        14,
        9,
        1,
        6
      ],
      [
        0,
        48,
        524,
        3,
        2,
        4
      ],
      [
        0,
        0,
        0,
        166,
        0,
        0
      ],
      [
        0,
        3,
        0,
        0,
        334,
        1
      ],
      [
        0,
        1,
        0,
        0,
        10,
        500
      ]
    ],
    "old_accuracy": 0.0,
    "new_accuracy": 95.98624420166016,
    "harmonic_mean": 0.0,
    "old_count": 0,
    "new_count": 2616,
    "invalid_prediction_rate": 0.0,
    "predicted_unseen_classes": [],
    "predicted_unseen_count": 0,
    "num_samples": 2616,
    "num_classes": 6,
    "classes": [
      0,
      1,
      2,
      3,
      4,
      5
    ]
  },
  "invalid_prediction_rate": 0.0
}