{
  "Strawberry": {
    "precision": 0.9912149047851563,
    "recall": 0.9872580718994141,
    "f1-score": 0.9892325592041016,
    "support": 31314
  },
  "Cowpea": {
    "precision": 0.9727186584472656,
    "recall": 0.7723362731933594,
    "f1-score": 0.8610226440429688,
    "support": 15927
  },
  "Soybean": {
    "precision": 0.9832425689697266,
    "recall": 0.9777809143066406,
    "f1-score": 0.980504150390625,
    "support": 7201
  },
  "Sorghum": {
    "precision": 0.9981223297119141,
    "recall": 0.9930611419677734,
    "f1-score": 0.9955852508544922,
    "support": 3747
  },
  "Water spinach": {
    "precision": 0.9632605743408204,
    "recall": 0.9988095092773438,
    "f1-score": 0.9807130432128907,
    "support": 840
  },
  "Watermelon": {
    "precision": 0.8572335052490234,
    "recall": 0.85156005859375,
    "f1-score": 0.8543873596191406,
    "support": 3173
  },
  "Greens": {
    "precision": 0.5711709213256836,
    "recall": 0.9963697814941406,
    "f1-score": 0.7261023712158203,
    "support": 4132
  },
  "Trees": {
    "precision": 0.8381336975097656,
    "recall": 0.8579148101806641,
    "f1-score": 0.847908935546875,
    "support": 12584
  },
  "Grass": {
    "precision": 0.7451564788818359,
    "recall": 0.7543753814697266,
    "f1-score": 0.7497376251220703,
    "support": 6628
  },
  "accuracy": 0.9051504453744185,
  "macro avg": {
    "precision": 0.8800281767705008,
    "recall": 0.9099406563367681,
    "f1-score": 0.8872437463559055,
    "support": 85546.0
  },
  "weighted avg": {
    "precision": 0.9202870537002569,
    "recall": 0.9051504453744185,
    "f1-score": 0.907766275437011,
    "support": 85546.0
  },
  "torch_metrics": {
    "overall_accuracy": 90.51504516601562,
    "balanced_accuracy": 90.99405670166016,
    "average_accuracy": 90.99405670166016,
    "kappa": 88.08875274658203,
    "f1_macro": 88.72437286376953,
    "per_class_accuracy": {
      "0": 98.7258071899414,
      "1": 77.23362731933594,
      "2": 97.77809143066406,
      "3": 99.30611419677734,
      "4": 99.88095092773438,
      "5": 85.156005859375,
      "6": 99.63697814941406,
      "7": 85.7914810180664,
      "8": 75.43753814697266
    },
    "precision": {
      "0": 99.12149047851562,
      "1": 97.27186584472656,
      "2": 98.32425689697266,
      "3": 99.8122329711914,
      "4": 96.32605743408203,
      "5": 85.72335052490234,
      "6": 57.11709213256836,
      "7": 83.81336975097656,
      "8": 74.5156478881836
    },
    "recall": {
      "0": 98.7258071899414,
      "1": 77.23362731933594,
      "2": 97.77809143066406,
      "3": 99.30611419677734,
      "4": 99.88095092773438,
      "5": 85.156005859375,
      "6": 99.63697814941406,
      "7": 85.7914810180664,
      "8": 75.43753814697266
    },
    "f1_per_class": {
      "0": 98.92325592041016,
      "1": 86.10226440429688,
      "2": 98.0504150390625,
      "3": 99.55852508544922,
      "4": 98.07130432128906,
      "5": 85.43873596191406,
      "6": 72.61023712158203,
      "7": 84.7908935546875,
      "8": 74.97376251220703
    },
    "support": {
      "0": 31314,
      "1": 15927,
      "2": 7201,
      "3": 3747,
      "4": 840,
      "5": 3173,
      "6": 4132,
      "7": 12584,
      "8": 6628
    },
    "predicted_count": {
      "0": 31189,
      "1": 12646,
      "2": 7161,
      "3": 3728,
      "4": 871,
      "5": 3152,
      "6": 7208,
      "7": 12881,
      "8": 6710
    },
    "confusion_matrix": [
      [
        30915,
        0,
        0,
        0,
        0,
        174,
        15,
        0,
        210
      ],
      [
        49,
        12301,
        0,
        0,
        0,
        63,
        1108,
        1621,
        785
      ],
      [
        0,
        0,
        7041,
        3,
        0,
        16,
        0,
        141,
        0
      ],
      [
        0,
        0,
        11,
        3721,
        0,
        0,
        0,
        0,
        15
      ],
      [
        0,
        0,
        0,
        0,
        839,
        0,
        0,
        0,
        1
      ],
      [
        85,
        1,
        0,
        0,
        0,
        2702,
        0,
        163,
        222
      ],
      [
        0,
        0,
        0,
        0,
        0,
        0,
        4117,
        15,
        0
      ],
      [
        34,
        333,
        97,
        0,
        0,
        192,
        655,
        10796,
        477
      ],
      [
        106,
        11,
        12,
        4,
        32,
        5,
        1313,
        145,
        5000
      ]
    ],
    "old_accuracy": 92.47129821777344,
    "new_accuracy": 85.30242919921875,
    "harmonic_mean": 88.74231719970703,
    "old_count": 62202,
    "new_count": 23344,
    "invalid_prediction_rate": 0.0,
    "predicted_unseen_classes": [],
    "predicted_unseen_count": 0,
    "num_samples": 85546,
    "num_classes": 9,
    "classes": [
      0,
      1,
      2,
      3,
      4,
      5,
      6,
      7,
      8
    ]
  },
  "old_new_split": {
    "old_accuracy": 92.47129821777344,
    "new_accuracy": 85.30242919921875,
    "harmonic_mean": 88.74231719970703,
    "old_count": 62202,
    "new_count": 23344
  },
  "invalid_prediction_rate": 0.0
}