{
  "Asphalt": {
    "precision": 0.9422529602050781,
    "recall": 0.9982765960693359,
    "f1-score": 0.9694560241699218,
    "support": 4642
  },
  "Meadows": {
    "precision": 0.9916793060302734,
    "recall": 0.9495173645019531,
    "f1-score": 0.9701404571533203,
    "support": 13054
  },
  "Gravel": {
    "precision": 0.9685489654541015,
    "recall": 0.9223961639404297,
    "f1-score": 0.9449093627929688,
    "support": 1469
  },
  "Trees": {
    "precision": 0.978057861328125,
    "recall": 0.9766899871826172,
    "f1-score": 0.9773734283447265,
    "support": 2145
  },
  "Painted": {
    "precision": 0.9968254089355468,
    "recall": 1.0,
    "f1-score": 0.9984101867675781,
    "support": 942
  },
  "Soil": {
    "precision": 0.8365196228027344,
    "recall": 0.969602279663086,
    "f1-score": 0.8981578826904297,
    "support": 3520
  },
  "Bitumen": {
    "precision": 1.0,
    "recall": 0.8195488739013672,
    "f1-score": 0.900826416015625,
    "support": 931
  },
  "Bricks": {
    "precision": 0.9458712005615234,
    "recall": 0.9286268615722656,
    "f1-score": 0.9371696472167969,
    "support": 2578
  },
  "Shadows": {
    "precision": 0.976011962890625,
    "recall": 0.9819004821777344,
    "f1-score": 0.9789473724365234,
    "support": 663
  },
  "accuracy": 0.9565188351589634,
  "macro avg": {
    "precision": 0.9595297035438366,
    "recall": 0.949617622077835,
    "f1-score": 0.9528212159138943,
    "support": 29944.0
  },
  "weighted avg": {
    "precision": 0.9597970631726662,
    "recall": 0.9565188351589634,
    "f1-score": 0.9569436322983312,
    "support": 29944.0
  },
  "torch_metrics": {
    "overall_accuracy": 95.65188598632812,
    "balanced_accuracy": 94.96176147460938,
    "average_accuracy": 94.96176147460938,
    "kappa": 94.27562713623047,
    "f1_macro": 95.28211975097656,
    "per_class_accuracy": {
      "0": 99.8276596069336,
      "1": 94.95173645019531,
      "2": 92.23961639404297,
      "3": 97.66899871826172,
      "4": 100.0,
      "5": 96.9602279663086,
      "6": 81.95488739013672,
      "7": 92.86268615722656,
      "8": 98.19004821777344
    },
    "precision": {
      "0": 94.22529602050781,
      "1": 99.16793060302734,
      "2": 96.85489654541016,
      "3": 97.8057861328125,
      "4": 99.68254089355469,
      "5": 83.65196228027344,
      "6": 100.0,
      "7": 94.58712005615234,
      "8": 97.6011962890625
    },
    "recall": {
      "0": 99.8276596069336,
      "1": 94.95173645019531,
      "2": 92.23961639404297,
      "3": 97.66899871826172,
      "4": 100.0,
      "5": 96.9602279663086,
      "6": 81.95488739013672,
      "7": 92.86268615722656,
      "8": 98.19004821777344
    },
    "f1_per_class": {
      "0": 96.94560241699219,
      "1": 97.01404571533203,
      "2": 94.49093627929688,
      "3": 97.73734283447266,
      "4": 99.84101867675781,
      "5": 89.81578826904297,
      "6": 90.0826416015625,
      "7": 93.71696472167969,
      "8": 97.89473724365234
    },
    "support": {
      "0": 4642,
      "1": 13054,
      "2": 1469,
      "3": 2145,
      "4": 942,
      "5": 3520,
      "6": 931,
      "7": 2578,
      "8": 663
    },
    "predicted_count": {
      "0": 4918,
      "1": 12499,
      "2": 1399,
      "3": 2142,
      "4": 945,
      "5": 4080,
      "6": 763,
      "7": 2531,
      "8": 667
    },
    "confusion_matrix": [
      [
        4634,
        0,
        3,
        0,
        0,
        0,
        0,
        5,
        0
      ],
      [
        0,
        12395,
        0,
        15,
        0,
        644,
        0,
        0,
        0
      ],
      [
        6,
        0,
        1355,
        0,
        0,
        0,
        0,
        106,
        2
      ],
      [
        9,
        1,
        0,
        2095,
        0,
        5,
        0,
        21,
        14
      ],
      [
        0,
        0,
        0,
        0,
        942,
        0,
        0,
        0,
        0
      ],
      [
        0,
        103,
        0,
        4,
        0,
        3413,
        0,
        0,
        0
      ],
      [
        164,
        0,
        2,
        1,
        0,
        1,
        763,
        0,
        0
      ],
      [
        105,
        0,
        37,
        25,
        0,
        17,
        0,
        2394,
        0
      ],
      [
        0,
        0,
        2,
        2,
        3,
        0,
        0,
        5,
        651
      ]
    ],
    "old_accuracy": 95.85814666748047,
    "new_accuracy": 93.95248413085938,
    "harmonic_mean": 94.895751953125,
    "old_count": 26703,
    "new_count": 3241,
    "invalid_prediction_rate": 0.0,
    "predicted_unseen_classes": [],
    "predicted_unseen_count": 0,
    "num_samples": 29944,
    "num_classes": 9,
    "classes": [
      0,
      1,
      2,
      3,
      4,
      5,
      6,
      7,
      8
    ]
  },
  "old_new_split": {
    "old_accuracy": 95.85814666748047,
    "new_accuracy": 93.95248413085938,
    "harmonic_mean": 94.895751953125,
    "old_count": 26703,
    "new_count": 3241
  },
  "invalid_prediction_rate": 0.0
}