{
  "Corn": {
    "precision": 0.9994606781005859,
    "recall": 0.9973094177246093,
    "f1-score": 0.9983837890625,
    "support": 24158
  },
  "Cotton": {
    "precision": 0.9967554473876953,
    "recall": 0.9957352447509765,
    "f1-score": 0.9962450408935547,
    "support": 5862
  },
  "Sesame": {
    "precision": 0.9981159210205078,
    "recall": 0.9985862731933594,
    "f1-score": 0.9983509826660156,
    "support": 2122
  },
  "Broad-leaf soybean": {
    "precision": 0.9976728820800781,
    "recall": 0.9979434967041015,
    "f1-score": 0.9978080749511719,
    "support": 44249
  },
  "Narrow-leaf soybean": {
    "precision": 0.9886909484863281,
    "recall": 0.9927735900878907,
    "f1-score": 0.9907279968261719,
    "support": 2906
  },
  "Rice": {
    "precision": 0.9854432678222657,
    "recall": 0.9953000640869141,
    "f1-score": 0.9903471374511719,
    "support": 8298
  },
  "Water": {
    "precision": 1.0,
    "recall": 0.9989347839355469,
    "f1-score": 0.9994671630859375,
    "support": 46939
  },
  "accuracy": 0.9978146788172506,
  "macro avg": {
    "precision": 0.995162728140971,
    "recall": 0.9966546787908038,
    "f1-score": 0.9959043450290539,
    "support": 134534.0
  },
  "weighted avg": {
    "precision": 0.9978245366806755,
    "recall": 0.9978146788172506,
    "f1-score": 0.9978176787660997,
    "support": 134534.0
  },
  "torch_metrics": {
    "overall_accuracy": 99.78146362304688,
    "balanced_accuracy": 99.66546630859375,
    "average_accuracy": 99.66546630859375,
    "kappa": 99.7012710571289,
    "f1_macro": 99.5904312133789,
    "per_class_accuracy": {
      "0": 99.73094177246094,
      "1": 99.57352447509766,
      "2": 99.85862731933594,
      "3": 99.79434967041016,
      "4": 99.27735900878906,
      "5": 99.5300064086914,
      "6": 99.89347839355469
    },
    "precision": {
      "0": 99.9460678100586,
      "1": 99.67554473876953,
      "2": 99.81159210205078,
      "3": 99.76728820800781,
      "4": 98.86909484863281,
      "5": 98.54432678222656,
      "6": 100.0
    },
    "recall": {
      "0": 99.73094177246094,
      "1": 99.57352447509766,
      "2": 99.85862731933594,
      "3": 99.79434967041016,
      "4": 99.27735900878906,
      "5": 99.5300064086914,
      "6": 99.89347839355469
    },
    "f1_per_class": {
      "0": 99.83837890625,
      "1": 99.62450408935547,
      "2": 99.83509826660156,
      "3": 99.78080749511719,
      "4": 99.07279968261719,
      "5": 99.03471374511719,
      "6": 99.94671630859375
    },
    "support": {
      "0": 24158,
      "1": 5862,
      "2": 2122,
      "3": 44249,
      "4": 2906,
      "5": 8298,
      "6": 46939
    },
    "predicted_count": {
      "0": 24106,
      "1": 5856,
      "2": 2123,
      "3": 44261,
      "4": 2918,
      "5": 8381,
      "6": 46889
    },
    "confusion_matrix": [
      [
        24093,
        0,
        0,
        33,
        0,
        32,
        0
      ],
      [
        0,
        5837,
        4,
        11,
        10,
        0,
        0
      ],
      [
        0,
        0,
        2119,
        3,
        0,
        0,
        0
      ],
      [
        13,
        15,
        0,
        44158,
        23,
        40,
        0
      ],
      [
        0,
        4,
        0,
        17,
        2885,
        0,
        0
      ],
      [
        0,
        0,
        0,
        39,
        0,
        8259,
        0
      ],
      [
        0,
        0,
        0,
        0,
        0,
        50,
        46889
      ]
    ],
    "old_accuracy": 99.7414779663086,
    "new_accuracy": 99.83887481689453,
    "harmonic_mean": 99.79015350341797,
    "old_count": 79297,
    "new_count": 55237,
    "invalid_prediction_rate": 0.0,
    "predicted_unseen_classes": [],
    "predicted_unseen_count": 0,
    "num_samples": 134534,
    "num_classes": 7,
    "classes": [
      0,
      1,
      2,
      3,
      4,
      5,
      6
    ]
  },
  "old_new_split": {
    "old_accuracy": 99.7414779663086,
    "new_accuracy": 99.83887481689453,
    "harmonic_mean": 99.79015350341797,
    "old_count": 79297,
    "new_count": 55237
  },
  "invalid_prediction_rate": 0.0
}