{
  "Alfalfa": {
    "precision": 0.875,
    "recall": 1.0,
    "f1-score": 0.9333333587646484,
    "support": 21
  },
  "Corn-notill": {
    "precision": 0.9452054595947266,
    "recall": 0.9669670104980469,
    "f1-score": 0.9559623718261718,
    "support": 999
  },
  "Corn-mintill": {
    "precision": 0.9739776611328125,
    "recall": 0.9018932342529297,
    "f1-score": 0.936550521850586,
    "support": 581
  },
  "Corn": {
    "precision": 0.9325843048095703,
    "recall": 1.0,
    "f1-score": 0.9651162719726563,
    "support": 166
  },
  "Grass-pasture": {
    "precision": 0.961077880859375,
    "recall": 0.9497041320800781,
    "f1-score": 0.9553571319580079,
    "support": 338
  },
  "Grass-trees": {
    "precision": 0.9765625,
    "recall": 0.9784735870361329,
    "f1-score": 0.97751708984375,
    "support": 511
  },
  "Grass-pasture-mowed": {
    "precision": 0.2777777862548828,
    "recall": 1.0,
    "f1-score": 0.4347826385498047,
    "support": 5
  },
  "Hay-windrowed": {
    "precision": 1.0,
    "recall": 0.9850299072265625,
    "f1-score": 0.99245849609375,
    "support": 334
  },
  "Oats": {
    "precision": 1.0,
    "recall": 1.0,
    "f1-score": 1.0,
    "support": 1
  },
  "accuracy": 0.9583897158322057,
  "macro avg": {
    "precision": 0.8824650629301575,
    "recall": 0.9757853241941472,
    "f1-score": 0.9056753198599841,
    "support": 2956.0
  },
  "weighted avg": {
    "precision": 0.9619695336248226,
    "recall": 0.9583897158322057,
    "f1-score": 0.9594142711207121,
    "support": 2956.0
  },
  "torch_metrics": {
    "overall_accuracy": 95.8389663696289,
    "balanced_accuracy": 97.57853698730469,
    "average_accuracy": 97.57853698730469,
    "kappa": 94.72283172607422,
    "f1_macro": 90.56752014160156,
    "per_class_accuracy": {
      "0": 100.0,
      "1": 96.69670104980469,
      "2": 90.18932342529297,
      "3": 100.0,
      "4": 94.97041320800781,
      "5": 97.84735870361328,
      "6": 100.0,
      "7": 98.50299072265625,
      "8": 100.0
    },
    "precision": {
      "0": 87.5,
      "1": 94.52054595947266,
      "2": 97.39776611328125,
      "3": 93.25843048095703,
      "4": 96.1077880859375,
      "5": 97.65625,
      "6": 27.77777862548828,
      "7": 100.0,
      "8": 100.0
    },
    "recall": {
      "0": 100.0,
      "1": 96.69670104980469,
      "2": 90.18932342529297,
      "3": 100.0,
      "4": 94.97041320800781,
      "5": 97.84735870361328,
      "6": 100.0,
      "7": 98.50299072265625,
      "8": 100.0
    },
    "f1_per_class": {
      "0": 93.33333587646484,
      "1": 95.59623718261719,
      "2": 93.6550521850586,
      "3": 96.51162719726562,
      "4": 95.53571319580078,
      "5": 97.751708984375,
      "6": 43.47826385498047,
      "7": 99.245849609375,
      "8": 100.0
    },
    "support": {
      "0": 21,
      "1": 999,
      "2": 581,
      "3": 166,
      "4": 338,
      "5": 511,
      "6": 5,
      "7": 334,
      "8": 1
    },
    "predicted_count": {
      "0": 24,
      "1": 1022,
      "2": 538,
      "3": 178,
      "4": 334,
      "5": 512,
      "6": 18,
      "7": 329,
      "8": 1
    },
    "confusion_matrix": [
      [
        21,
        0,
        0,
        0,
        0,
        0,
        0,
        0,
        0
      ],
      [
        3,
        966,
        14,
        9,
        1,
        6,
        0,
        0,
        0
      ],
      [
        0,
        48,
        524,
        3,
        2,
        4,
        0,
        0,
        0
      ],
      [
        0,
        0,
        0,
        166,
        0,
        0,
        0,
        0,
        0
      ],
      [
        0,
        3,
        0,
        0,
        321,
        1,
        13,
        0,
        0
      ],
      [
        0,
        1,
        0,
        0,
        10,
        500,
        0,
        0,
        0
      ],
      [
        0,
        0,
        0,
        0,
        0,
        0,
        5,
        0,
        0
      ],
      [
        0,
        4,
        0,
        0,
        0,
        1,
        0,
        329,
        0
      ],
      [
        0,
        0,
        0,
        0,
        0,
        0,
        0,
        0,
        1
      ]
    ],
    "old_accuracy": 95.48929595947266,
    "new_accuracy": 98.52941131591797,
    "harmonic_mean": 96.98553466796875,
    "old_count": 2616,
    "new_count": 340,
    "invalid_prediction_rate": 0.0,
    "predicted_unseen_classes": [],
    "predicted_unseen_count": 0,
    "num_samples": 2956,
    "num_classes": 9,
    "classes": [
      0,
      1,
      2,
      3,
      4,
      5,
      6,
      7,
      8
    ]
  },
  "old_new_split": {
    "old_accuracy": 95.48929595947266,
    "new_accuracy": 98.52941131591797,
    "harmonic_mean": 96.98553466796875,
    "old_count": 2616,
    "new_count": 340
  },
  "invalid_prediction_rate": 0.0
}