class_id,class_name,precision_percent,recall_percent,f1_percent,accuracy_percent,support,predicted_count
0,Alfalfa,87.5,100.0,93.33333587646484,100.0,21,24
1,Corn-notill,94.52054595947266,96.69670104980469,95.59623718261719,96.69670104980469,999,1022
2,Corn-mintill,97.39776611328125,90.18932342529297,93.6550521850586,90.18932342529297,581,538
3,Corn,93.25843048095703,100.0,96.51162719726562,100.0,166,178
4,Grass-pasture,96.1077880859375,94.97041320800781,95.53571319580078,94.97041320800781,338,334
5,Grass-trees,97.65625,97.84735870361328,97.751708984375,97.84735870361328,511,512
6,Grass-pasture-mowed,27.77777862548828,100.0,43.47826385498047,100.0,5,18
7,Hay-windrowed,100.0,98.50299072265625,99.245849609375,98.50299072265625,334,329
8,Oats,100.0,100.0,100.0,100.0,1,1
