{
  "Weeds_1": {
    "precision": 0.9971428680419921,
    "recall": 0.9928876495361328,
    "f1-score": 0.9950106811523437,
    "support": 1406
  },
  "Weeds_2": {
    "precision": 0.9961744689941406,
    "recall": 0.9984662628173828,
    "f1-score": 0.9973189544677734,
    "support": 2608
  },
  "Fallow": {
    "precision": 0.9971160888671875,
    "recall": 1.0,
    "f1-score": 0.9985559844970703,
    "support": 1383
  },
  "Fallow_rough_plow": {
    "precision": 0.9798792266845703,
    "recall": 0.9979508209228516,
    "f1-score": 0.9888324737548828,
    "support": 976
  },
  "Fallow_smooth": {
    "precision": 0.9989224243164062,
    "recall": 0.9893276977539063,
    "f1-score": 0.9941019439697265,
    "support": 1874
  },
  "Stubble": {
    "precision": 1.0,
    "recall": 1.0,
    "f1-score": 1.0,
    "support": 2771
  },
  "Celery": {
    "precision": 1.0,
    "recall": 1.0,
    "f1-score": 1.0,
    "support": 2505
  },
  "Grapes_untrained": {
    "precision": 1.0,
    "recall": 0.9968314361572266,
    "f1-score": 0.9984132385253907,
    "support": 7890
  },
  "Soil_vinyard_develop": {
    "precision": 1.0,
    "recall": 0.9947029113769531,
    "f1-score": 0.9973444366455078,
    "support": 4342
  },
  "Corn_Weeds": {
    "precision": 0.9794871520996093,
    "recall": 0.999128189086914,
    "f1-score": 0.989210205078125,
    "support": 2294
  },
  "Lettuce_4wk": {
    "precision": 1.0,
    "recall": 1.0,
    "f1-score": 1.0,
    "support": 747
  },
  "Lettuce_5wk": {
    "precision": 1.0,
    "recall": 0.9985173797607422,
    "f1-score": 0.9992581939697266,
    "support": 1349
  },
  "accuracy": 0.9970807762481341,
  "macro avg": {
    "precision": 0.9957268541031273,
    "recall": 0.9973176881689308,
    "f1-score": 0.9965038343646762,
    "support": 30145.0
  },
  "weighted avg": {
    "precision": 0.9971240242955622,
    "recall": 0.9970807762481341,
    "f1-score": 0.9970887522733642,
    "support": 30145.0
  },
  "torch_metrics": {
    "overall_accuracy": 99.70808410644531,
    "balanced_accuracy": 99.73175811767578,
    "average_accuracy": 99.73175811767578,
    "kappa": 99.66466522216797,
    "f1_macro": 99.65038299560547,
    "per_class_accuracy": {
      "0": 99.28876495361328,
      "1": 99.84662628173828,
      "2": 100.0,
      "3": 99.79508209228516,
      "4": 98.93276977539062,
      "5": 100.0,
      "6": 100.0,
      "7": 99.68314361572266,
      "8": 99.47029113769531,
      "9": 99.9128189086914,
      "10": 100.0,
      "11": 99.85173797607422
    },
    "precision": {
      "0": 99.71428680419922,
      "1": 99.61744689941406,
      "2": 99.71160888671875,
      "3": 97.98792266845703,
      "4": 99.89224243164062,
      "5": 100.0,
      "6": 100.0,
      "7": 100.0,
      "8": 100.0,
      "9": 97.94871520996094,
      "10": 100.0,
      "11": 100.0
    },
    "recall": {
      "0": 99.28876495361328,
      "1": 99.84662628173828,
      "2": 100.0,
      "3": 99.79508209228516,
      "4": 98.93276977539062,
      "5": 100.0,
      "6": 100.0,
      "7": 99.68314361572266,
      "8": 99.47029113769531,
      "9": 99.9128189086914,
      "10": 100.0,
      "11": 99.85173797607422
    },
    "f1_per_class": {
      "0": 99.50106811523438,
      "1": 99.73189544677734,
      "2": 99.85559844970703,
      "3": 98.88324737548828,
      "4": 99.41019439697266,
      "5": 100.0,
      "6": 100.0,
      "7": 99.84132385253906,
      "8": 99.73444366455078,
      "9": 98.9210205078125,
      "10": 100.0,
      "11": 99.92581939697266
    },
    "support": {
      "0": 1406,
      "1": 2608,
      "2": 1383,
      "3": 976,
      "4": 1874,
      "5": 2771,
      "6": 2505,
      "7": 7890,
      "8": 4342,
      "9": 2294,
      "10": 747,
      "11": 1349
    },
    "predicted_count": {
      "0": 1400,
      "1": 2614,
      "2": 1387,
      "3": 994,
      "4": 1856,
      "5": 2771,
      "6": 2505,
      "7": 7865,
      "8": 4319,
      "9": 2340,
      "10": 747,
      "11": 1347
    },
    "confusion_matrix": [
      [
        1396,
        10,
        0,
        0,
        0,
        0,
        0,
        0,
        0,
        0,
        0,
        0
      ],
      [
        4,
        2604,
        0,
        0,
        0,
        0,
        0,
        0,
        0,
        0,
        0,
        0
      ],
      [
        0,
        0,
        1383,
        0,
        0,
        0,
        0,
        0,
        0,
        0,
        0,
        0
      ],
      [
        0,
        0,
        0,
        974,
        2,
        0,
        0,
        0,
        0,
        0,
        0,
        0
      ],
      [
        0,
        0,
        0,
        20,
        1854,
        0,
        0,
        0,
        0,
        0,
        0,
        0
      ],
      [
        0,
        0,
        0,
        0,
        0,
        2771,
        0,
        0,
        0,
        0,
        0,
        0
      ],
      [
        0,
        0,
        0,
        0,
        0,
        0,
        2505,
        0,
        0,
        0,
        0,
        0
      ],
      [
        0,
        0,
        0,
        0,
        0,
        0,
        0,
        7865,
        0,
        25,
        0,
        0
      ],
      [
        0,
        0,
        0,
        0,
        0,
        0,
        0,
        0,
        4319,
        23,
        0,
        0
      ],
      [
        0,
        0,
        2,
        0,
        0,
        0,
        0,
        0,
        0,
        2292,
        0,
        0
      ],
      [
        0,
        0,
        0,
        0,
        0,
        0,
        0,
        0,
        0,
        0,
        747,
        0
      ],
      [
        0,
        0,
        2,
        0,
        0,
        0,
        0,
        0,
        0,
        0,
        0,
        1347
      ]
    ],
    "old_accuracy": 99.6738510131836,
    "new_accuracy": 99.90888214111328,
    "harmonic_mean": 99.79122161865234,
    "old_count": 25755,
    "new_count": 4390,
    "invalid_prediction_rate": 0.0,
    "predicted_unseen_classes": [],
    "predicted_unseen_count": 0,
    "num_samples": 30145,
    "num_classes": 12,
    "classes": [
      0,
      1,
      2,
      3,
      4,
      5,
      6,
      7,
      8,
      9,
      10,
      11
    ]
  },
  "old_new_split": {
    "old_accuracy": 99.6738510131836,
    "new_accuracy": 99.90888214111328,
    "harmonic_mean": 99.79122161865234,
    "old_count": 25755,
    "new_count": 4390
  },
  "invalid_prediction_rate": 0.0
}