{
  "Asphalt": {
    "precision": 0.9929367065429687,
    "recall": 0.9993537139892578,
    "f1-score": 0.9961348724365234,
    "support": 4642
  },
  "Meadows": {
    "precision": 0.9997695922851563,
    "recall": 0.9974720764160157,
    "f1-score": 0.9986194610595703,
    "support": 13054
  },
  "Gravel": {
    "precision": 0.9979324340820312,
    "recall": 0.985704574584961,
    "f1-score": 0.9917808532714844,
    "support": 1469
  },
  "Trees": {
    "precision": 0.984743423461914,
    "recall": 0.9930069732666016,
    "f1-score": 0.9888579559326172,
    "support": 2145
  },
  "Painted": {
    "precision": 1.0,
    "recall": 1.0,
    "f1-score": 1.0,
    "support": 942
  },
  "accuracy": 0.9967643357900413,
  "macro avg": {
    "precision": 0.9950764344310615,
    "recall": 0.9951074639992731,
    "f1-score": 0.9950786274872074,
    "support": 22252.0
  },
  "weighted avg": {
    "precision": 0.9967842168451159,
    "recall": 0.9967643357900413,
    "f1-score": 0.9967671928850403,
    "support": 22252.0
  },
  "torch_metrics": {
    "overall_accuracy": 99.67643737792969,
    "balanced_accuracy": 99.51074981689453,
    "average_accuracy": 99.51074981689453,
    "kappa": 99.4583511352539,
    "f1_macro": 99.50785827636719,
    "per_class_accuracy": {
      "0": 99.93537139892578,
      "1": 99.74720764160156,
      "2": 98.5704574584961,
      "3": 99.30069732666016,
      "4": 100.0
    },
    "precision": {
      "0": 99.29367065429688,
      "1": 99.97695922851562,
      "2": 99.79324340820312,
      "3": 98.4743423461914,
      "4": 100.0
    },
    "recall": {
      "0": 99.93537139892578,
      "1": 99.74720764160156,
      "2": 98.5704574584961,
      "3": 99.30069732666016,
      "4": 100.0
    },
    "f1_per_class": {
      "0": 99.61348724365234,
      "1": 99.86194610595703,
      "2": 99.17808532714844,
      "3": 98.88579559326172,
      "4": 100.0
    },
    "support": {
      "0": 4642,
      "1": 13054,
      "2": 1469,
      "3": 2145,
      "4": 942
    },
    "predicted_count": {
      "0": 4672,
      "1": 13024,
      "2": 1451,
      "3": 2163,
      "4": 942
    },
    "confusion_matrix": [
      [
        4639,
        0,
        3,
        0,
        0
      ],
      [
        0,
        13021,
        0,
        33,
        0
      ],
      [
        21,
        0,
        1448,
        0,
        0
      ],
      [
        12,
        3,
        0,
        2130,
        0
      ],
      [
        0,
        0,
        0,
        0,
        942
      ]
    ],
    "old_accuracy": 0.0,
    "new_accuracy": 99.67643737792969,
    "harmonic_mean": 0.0,
    "old_count": 0,
    "new_count": 22252,
    "invalid_prediction_rate": 0.0,
    "predicted_unseen_classes": [],
    "predicted_unseen_count": 0,
    "num_samples": 22252,
    "num_classes": 5,
    "classes": [
      0,
      1,
      2,
      3,
      4
    ]
  },
  "invalid_prediction_rate": 0.0
}