{
  "Corn": {
    "precision": 0.9994591522216797,
    "recall": 0.9943704223632812,
    "f1-score": 0.9969083404541016,
    "support": 24158
  },
  "Cotton": {
    "precision": 0.9989610290527344,
    "recall": 0.9841350555419922,
    "f1-score": 0.991492691040039,
    "support": 5862
  },
  "Sesame": {
    "precision": 0.9995262908935547,
    "recall": 0.9943449401855469,
    "f1-score": 0.9969288635253907,
    "support": 2122
  },
  "Broad-leaf soybean": {
    "precision": 0.999677505493164,
    "recall": 0.9106645965576172,
    "f1-score": 0.9530972290039063,
    "support": 44249
  },
  "Narrow-leaf soybean": {
    "precision": 0.9926686096191406,
    "recall": 0.9318650817871094,
    "f1-score": 0.961306381225586,
    "support": 2906
  },
  "Rice": {
    "precision": 0.9993230438232422,
    "recall": 0.8894914245605469,
    "f1-score": 0.9412139892578125,
    "support": 8298
  },
  "Water": {
    "precision": 0.9999782562255859,
    "recall": 0.9796544647216797,
    "f1-score": 0.9897119903564453,
    "support": 46939
  },
  "Roads and houses": {
    "precision": 0.45843406677246096,
    "recall": 0.9885702514648438,
    "f1-score": 0.6263896942138671,
    "support": 4987
  },
  "Mixed weed": {
    "precision": 0.7681796264648437,
    "recall": 0.8601092529296875,
    "f1-score": 0.8115493774414062,
    "support": 3660
  },
  "accuracy": 0.9522771876156753,
  "macro avg": {
    "precision": 0.9129119481371697,
    "recall": 0.94813396395874,
    "f1-score": 0.9187331662476151,
    "support": 143181.0
  },
  "weighted avg": {
    "precision": 0.9747757881265542,
    "recall": 0.9522771876156753,
    "f1-score": 0.9591946072079148,
    "support": 143181.0
  },
  "torch_metrics": {
    "overall_accuracy": 95.22772216796875,
    "balanced_accuracy": 94.81340026855469,
    "average_accuracy": 94.81340026855469,
    "kappa": 93.80860137939453,
    "f1_macro": 91.87332153320312,
    "per_class_accuracy": {
      "0": 99.43704223632812,
      "1": 98.41350555419922,
      "2": 99.43449401855469,
      "3": 91.06645965576172,
      "4": 93.18650817871094,
      "5": 88.94914245605469,
      "6": 97.96544647216797,
      "7": 98.85702514648438,
      "8": 86.01092529296875
    },
    "precision": {
      "0": 99.94591522216797,
      "1": 99.89610290527344,
      "2": 99.95262908935547,
      "3": 99.9677505493164,
      "4": 99.26686096191406,
      "5": 99.93230438232422,
      "6": 99.9978256225586,
      "7": 45.843406677246094,
      "8": 76.81796264648438
    },
    "recall": {
      "0": 99.43704223632812,
      "1": 98.41350555419922,
      "2": 99.43449401855469,
      "3": 91.06645965576172,
      "4": 93.18650817871094,
      "5": 88.94914245605469,
      "6": 97.96544647216797,
      "7": 98.85702514648438,
      "8": 86.01092529296875
    },
    "f1_per_class": {
      "0": 99.69083404541016,
      "1": 99.1492691040039,
      "2": 99.69288635253906,
      "3": 95.30972290039062,
      "4": 96.1306381225586,
      "5": 94.12139892578125,
      "6": 98.97119903564453,
      "7": 62.63896942138672,
      "8": 81.15493774414062
    },
    "support": {
      "0": 24158,
      "1": 5862,
      "2": 2122,
      "3": 44249,
      "4": 2906,
      "5": 8298,
      "6": 46939,
      "7": 4987,
      "8": 3660
    },
    "predicted_count": {
      "0": 24035,
      "1": 5775,
      "2": 2111,
      "3": 40309,
      "4": 2728,
      "5": 7386,
      "6": 45985,
      "7": 10754,
      "8": 4098
    },
    "confusion_matrix": [
      [
        24022,
        0,
        0,
        5,
        0,
        5,
        0,
        126,
        0
      ],
      [
        0,
        5769,
        1,
        0,
        8,
        0,
        0,
        84,
        0
      ],
      [
        0,
        0,
        2110,
        0,
        0,
        0,
        0,
        5,
        7
      ],
      [
        13,
        0,
        0,
        40296,
        5,
        0,
        0,
        3799,
        136
      ],
      [
        0,
        4,
        0,
        0,
        2708,
        0,
        0,
        194,
        0
      ],
      [
        0,
        0,
        0,
        0,
        0,
        7381,
        0,
        916,
        1
      ],
      [
        0,
        0,
        0,
        0,
        0,
        0,
        45984,
        189,
        766
      ],
      [
        0,
        2,
        0,
        8,
        7,
        0,
        0,
        4930,
        40
      ],
      [
        0,
        0,
        0,
        0,
        0,
        0,
        1,
        511,
        3148
      ]
    ],
    "old_accuracy": 95.34393310546875,
    "new_accuracy": 93.41968536376953,
    "harmonic_mean": 94.37200164794922,
    "old_count": 134534,
    "new_count": 8647,
    "invalid_prediction_rate": 0.0,
    "predicted_unseen_classes": [],
    "predicted_unseen_count": 0,
    "num_samples": 143181,
    "num_classes": 9,
    "classes": [
      0,
      1,
      2,
      3,
      4,
      5,
      6,
      7,
      8
    ]
  },
  "old_new_split": {
    "old_accuracy": 95.34393310546875,
    "new_accuracy": 93.41968536376953,
    "harmonic_mean": 94.37200164794922,
    "old_count": 134534,
    "new_count": 8647
  },
  "invalid_prediction_rate": 0.0
}