{
  "Alfalfa": {
    "precision": 0.875,
    "recall": 1.0,
    "f1-score": 0.9333333587646484,
    "support": 21
  },
  "Corn-notill": {
    "precision": 0.7865168762207031,
    "recall": 0.7707707977294922,
    "f1-score": 0.7785641479492188,
    "support": 999
  },
  "Corn-mintill": {
    "precision": 0.8602941131591797,
    "recall": 0.8055077362060546,
    "f1-score": 0.8320000457763672,
    "support": 581
  },
  "Corn": {
    "precision": 0.9071038055419922,
    "recall": 1.0,
    "f1-score": 0.9512894439697266,
    "support": 166
  },
  "Grass-pasture": {
    "precision": 0.9356725311279297,
    "recall": 0.94674560546875,
    "f1-score": 0.9411764526367188,
    "support": 338
  },
  "Grass-trees": {
    "precision": 0.9669261169433594,
    "recall": 0.9726026916503906,
    "f1-score": 0.9697560882568359,
    "support": 511
  },
  "Grass-pasture-mowed": {
    "precision": 0.2777777862548828,
    "recall": 1.0,
    "f1-score": 0.4347826385498047,
    "support": 5
  },
  "Hay-windrowed": {
    "precision": 1.0,
    "recall": 0.9760478973388672,
    "f1-score": 0.9878787994384766,
    "support": 334
  },
  "Oats": {
    "precision": 1.0,
    "recall": 1.0,
    "f1-score": 1.0,
    "support": 1
  },
  "Soybean-notill": {
    "precision": 0.7257861328125,
    "recall": 0.8472834014892578,
    "f1-score": 0.7818428039550781,
    "support": 681
  },
  "Soybean-mintill": {
    "precision": 0.9109980773925781,
    "recall": 0.8341094207763672,
    "f1-score": 0.8708599090576172,
    "support": 1718
  },
  "Soybean-clean": {
    "precision": 0.808219223022461,
    "recall": 0.8530120086669922,
    "f1-score": 0.8300117492675781,
    "support": 415
  },
  "Wheat": {
    "precision": 0.9720279693603515,
    "recall": 0.9652777862548828,
    "f1-score": 0.968641128540039,
    "support": 144
  },
  "Woods": {
    "precision": 0.9881094360351562,
    "recall": 0.9379232788085937,
    "f1-score": 0.9623625183105469,
    "support": 886
  },
  "Buildings-Grass-Trees-Drives": {
    "precision": 0.7865496826171875,
    "recall": 0.9962963104248047,
    "f1-score": 0.8790849304199219,
    "support": 270
  },
  "Stone-Steel-Towers": {
    "precision": 0.8873239135742188,
    "recall": 0.984375,
    "f1-score": 0.9333333587646484,
    "support": 64
  },
  "accuracy": 0.8746846089150546,
  "macro avg": {
    "precision": 0.8555191006527914,
    "recall": 0.930621995702537,
    "f1-score": 0.8784323287052019,
    "support": 7134.0
  },
  "weighted avg": {
    "precision": 0.8803786149250921,
    "recall": 0.8746846089150546,
    "f1-score": 0.8757682986987766,
    "support": 7134.0
  },
  "torch_metrics": {
    "overall_accuracy": 87.46846008300781,
    "balanced_accuracy": 93.06219482421875,
    "average_accuracy": 93.06219482421875,
    "kappa": 85.76181030273438,
    "f1_macro": 87.84323120117188,
    "per_class_accuracy": {
      "0": 100.0,
      "1": 77.07707977294922,
      "2": 80.55077362060547,
      "3": 100.0,
      "4": 94.674560546875,
      "5": 97.26026916503906,
      "6": 100.0,
      "7": 97.60478973388672,
      "8": 100.0,
      "9": 84.72834014892578,
      "10": 83.41094207763672,
      "11": 85.30120086669922,
      "12": 96.52777862548828,
      "13": 93.79232788085938,
      "14": 99.62963104248047,
      "15": 98.4375
    },
    "precision": {
      "0": 87.5,
      "1": 78.65168762207031,
      "2": 86.02941131591797,
      "3": 90.71038055419922,
      "4": 93.56725311279297,
      "5": 96.69261169433594,
      "6": 27.77777862548828,
      "7": 100.0,
      "8": 100.0,
      "9": 72.57861328125,
      "10": 91.09980773925781,
      "11": 80.8219223022461,
      "12": 97.20279693603516,
      "13": 98.81094360351562,
      "14": 78.65496826171875,
      "15": 88.73239135742188
    },
    "recall": {
      "0": 100.0,
      "1": 77.07707977294922,
      "2": 80.55077362060547,
      "3": 100.0,
      "4": 94.674560546875,
      "5": 97.26026916503906,
      "6": 100.0,
      "7": 97.60478973388672,
      "8": 100.0,
      "9": 84.72834014892578,
      "10": 83.41094207763672,
      "11": 85.30120086669922,
      "12": 96.52777862548828,
      "13": 93.79232788085938,
      "14": 99.62963104248047,
      "15": 98.4375
    },
    "f1_per_class": {
      "0": 93.33333587646484,
      "1": 77.85641479492188,
      "2": 83.20000457763672,
      "3": 95.12894439697266,
      "4": 94.11764526367188,
      "5": 96.9756088256836,
      "6": 43.47826385498047,
      "7": 98.78787994384766,
      "8": 100.0,
      "9": 78.18428039550781,
      "10": 87.08599090576172,
      "11": 83.00117492675781,
      "12": 96.8641128540039,
      "13": 96.23625183105469,
      "14": 87.90849304199219,
      "15": 93.33333587646484
    },
    "support": {
      "0": 21,
      "1": 999,
      "2": 581,
      "3": 166,
      "4": 338,
      "5": 511,
      "6": 5,
      "7": 334,
      "8": 1,
      "9": 681,
      "10": 1718,
      "11": 415,
      "12": 144,
      "13": 886,
      "14": 270,
      "15": 64
    },
    "predicted_count": {
      "0": 24,
      "1": 979,
      "2": 544,
      "3": 183,
      "4": 342,
      "5": 514,
      "6": 18,
      "7": 326,
      "8": 1,
      "9": 795,
      "10": 1573,
      "11": 438,
      "12": 143,
      "13": 841,
      "14": 342,
      "15": 71
    },