{
  "Alfalfa": {
    "precision": 0.875,
    "recall": 1.0,
    "f1-score": 0.9333333587646484,
    "support": 21
  },
  "Corn-notill": {
    "precision": 0.7844129943847656,
    "recall": 0.7757757568359375,
    "f1-score": 0.7800704956054687,
    "support": 999
  },
  "Corn-mintill": {
    "precision": 0.860805892944336,
    "recall": 0.8089500427246094,
    "f1-score": 0.8340727996826172,
    "support": 581
  },
  "Corn": {
    "precision": 0.9021739196777344,
    "recall": 1.0,
    "f1-score": 0.9485713958740234,
    "support": 166
  },
  "Grass-pasture": {
    "precision": 0.9497041320800781,
    "recall": 0.9497041320800781,
    "f1-score": 0.9497041320800781,
    "support": 338
  },
  "Grass-trees": {
    "precision": 0.967054214477539,
    "recall": 0.9765165710449218,
    "f1-score": 0.9717623901367187,
    "support": 511
  },
  "Grass-pasture-mowed": {
    "precision": 0.2777777862548828,
    "recall": 1.0,
    "f1-score": 0.4347826385498047,
    "support": 5
  },
  "Hay-windrowed": {
    "precision": 1.0,
    "recall": 0.9760478973388672,
    "f1-score": 0.9878787994384766,
    "support": 334
  },
  "Oats": {
    "precision": 1.0,
    "recall": 1.0,
    "f1-score": 1.0,
    "support": 1
  },
  "Soybean-notill": {
    "precision": 0.7166042327880859,
    "recall": 0.8428781127929688,
    "f1-score": 0.77462890625,
    "support": 681
  },
  "Soybean-mintill": {
    "precision": 0.9104193115234375,
    "recall": 0.8341094207763672,
    "f1-score": 0.8705953216552734,
    "support": 1718
  },
  "Soybean-clean": {
    "precision": 0.7863436126708985,
    "recall": 0.8602409362792969,
    "f1-score": 0.8216341400146484,
    "support": 415
  },
  "accuracy": 0.8575389948006933,
  "macro avg": {
    "precision": 0.8358580069624523,
    "recall": 0.9186852546603731,
    "f1-score": 0.8589195214654463,
    "support": 5770.0
  },
  "weighted avg": {
    "precision": 0.8634119074046204,
    "recall": 0.8575389948006933,
    "f1-score": 0.8588958077407458,
    "support": 5770.0
  },
  "torch_metrics": {
    "overall_accuracy": 85.75389862060547,
    "balanced_accuracy": 91.86852264404297,
    "average_accuracy": 91.86852264404297,
    "kappa": 83.0806884765625,
    "f1_macro": 85.8919448852539,
    "per_class_accuracy": {
      "0": 100.0,
      "1": 77.57757568359375,
      "2": 80.89500427246094,
      "3": 100.0,
      "4": 94.97041320800781,
      "5": 97.65165710449219,
      "6": 100.0,
      "7": 97.60478973388672,
      "8": 100.0,
      "9": 84.28781127929688,
      "10": 83.41094207763672,
      "11": 86.02409362792969
    },
    "precision": {
      "0": 87.5,
      "1": 78.44129943847656,
      "2": 86.0805892944336,
      "3": 90.21739196777344,
      "4": 94.97041320800781,
      "5": 96.7054214477539,
      "6": 27.77777862548828,
      "7": 100.0,
      "8": 100.0,
      "9": 71.6604232788086,
      "10": 91.04193115234375,
      "11": 78.63436126708984
    },
    "recall": {
      "0": 100.0,
      "1": 77.57757568359375,
      "2": 80.89500427246094,
      "3": 100.0,
      "4": 94.97041320800781,
      "5": 97.65165710449219,
      "6": 100.0,
      "7": 97.60478973388672,
      "8": 100.0,
      "9": 84.28781127929688,
      "10": 83.41094207763672,
      "11": 86.02409362792969
    },
    "f1_per_class": {
      "0": 93.33333587646484,
      "1": 78.00704956054688,
      "2": 83.40727996826172,
      "3": 94.85713958740234,
      "4": 94.97041320800781,
      "5": 97.17623901367188,
      "6": 43.47826385498047,
      "7": 98.78787994384766,
      "8": 100.0,
      "9": 77.462890625,
      "10": 87.05953216552734,
      "11": 82.16341400146484
    },
    "support": {
      "0": 21,
      "1": 999,
      "2": 581,
      "3": 166,
      "4": 338,
      "5": 511,
      "6": 5,
      "7": 334,
      "8": 1,
      "9": 681,
      "10": 1718,
      "11": 415
    },
    "predicted_count": {
      "0": 24,
      "1": 988,
      "2": 546,
      "3": 184,
      "4": 338,
      "5": 516,
      "6": 18,
      "7": 326,
      "8": 1,
      "9": 801,
      "10": 1574,
      "11": 454
    },
    "confusion_matrix": [
      [
        21,
        0,
        0,
        0,
        0,
        0,
        0,
        0,
        0,
        0,
        0,
        0
      ],
      [
        1,
        775,
        9,
        9,
        0,
        2,
        0,
        0,
        0,
        125,
        60,
        18
      ],
      [
        0,
        23,
        470,
        4,
        1,
        1,
        0,
        0,
        0,
        21,
        45,
        16
      ],
      [
        0,
        0,
        0,
        166,
        0,
        0,
        0,
        0,
        0,
        0,
        0,
        0
      ],
      [
        0,
        3,
        0,
        0,
        321,
        1,
        13,
        0,
        0,
        0,
        0,
        0
      ],
      [
        0,
        0,
        0,
        0,
        10,
        499,
        0,
        0,
        0,
        0,
        2,
        0
      ],
      [
        0,
        0,
        0,
        0,
        0,
        0,
        5,
        0,
        0,
        0,
        0,
        0
      ],
      [
        0,
        3,
        0,
        0,
        0,
        0,
        0,
        326,
        0,
        1,
        4,
        0
      ],
      [
        0,
        0,
        0,
        0,
        0,
        0,
        0,
        0,
        1,
        0,
        0,
        0
      ],
      [
        2,
        27,
        15,
        0,
        1,
        1,
        0,
        0,
        0,
        574,
        27,
        34
      ],
      [
        0,
        125,
        43,
        0,
        5,
        12,
        0,
        0,
        0,
        71,
        1433,
        29
      ],
      [
        0,
        32,
        9,
        5,
        0,
        0,
        0,
        0,
        0,
        9,
        3,
        357
      ]
    ],
    "old_accuracy": 87.4154281616211,
    "new_accuracy": 84.00852966308594,
    "harmonic_mean": 85.67813110351562,
    "old_count": 2956,
    "new_count": 2814,
    "invalid_prediction_rate": 0.0,
    "predicted_unseen_classes": [],
    "predicted_unseen_count": 0,
    "num_samples": 5770,
    "num_classes": 12,
    "classes": [
      0,
      1,
      2,
      3,
      4,
      5,
      6,
      7,
      8,
      9,
      10,
      11
    ]
  },
  "old_new_split": {
    "old_accuracy": 87.4154281616211,
    "new_accuracy": 84.00852966308594,
    "harmonic_mean": 85.67813110351562,
    "old_count": 2956,
    "new_count": 2814
  },
  "invalid_prediction_rate": 0.0
}