{
  "Alfalfa": {
    "precision": 0.875,
    "recall": 1.0,
    "f1-score": 0.9333333587646484,
    "support": 21
  },
  "Corn-notill": {
    "precision": 0.7860040283203125,
    "recall": 0.7757757568359375,
    "f1-score": 0.7808563995361328,
    "support": 999
  },
  "Corn-mintill": {
    "precision": 0.8597785949707031,
    "recall": 0.8020654296875,
    "f1-score": 0.8299198913574218,
    "support": 581
  },
  "Corn": {
    "precision": 0.9021739196777344,
    "recall": 1.0,
    "f1-score": 0.9485713958740234,
    "support": 166
  },
  "Grass-pasture": {
    "precision": 0.9302326202392578,
    "recall": 0.94674560546875,
    "f1-score": 0.9384164428710937,
    "support": 338
  },
  "Grass-trees": {
    "precision": 0.96875,
    "recall": 0.970645751953125,
    "f1-score": 0.9696969604492187,
    "support": 511
  },
  "Grass-pasture-mowed": {
    "precision": 0.2777777862548828,
    "recall": 1.0,
    "f1-score": 0.4347826385498047,
    "support": 5
  },
  "Hay-windrowed": {
    "precision": 1.0,
    "recall": 0.9760478973388672,
    "f1-score": 0.9878787994384766,
    "support": 334
  },
  "Oats": {
    "precision": 1.0,
    "recall": 1.0,
    "f1-score": 1.0,
    "support": 1
  },
  "Soybean-notill": {
    "precision": 0.7185929107666016,
    "recall": 0.8399412536621094,
    "f1-score": 0.7745430755615235,
    "support": 681
  },
  "Soybean-mintill": {
    "precision": 0.9103623962402344,
    "recall": 0.8335273742675782,
    "f1-score": 0.8702522277832031,
    "support": 1718
  },
  "Soybean-clean": {
    "precision": 0.8041474914550781,
    "recall": 0.8409638214111328,
    "f1-score": 0.8221437072753907,
    "support": 415
  },
  "Wheat": {
    "precision": 0.9652777862548828,
    "recall": 0.9652777862548828,
    "f1-score": 0.9652777862548828,
    "support": 144
  },
  "Woods": {
    "precision": 0.9868263244628906,
    "recall": 0.9300225830078125,
    "f1-score": 0.9575828552246094,
    "support": 886
  },
  "Buildings-Grass-Trees-Drives": {
    "precision": 0.7819767761230468,
    "recall": 0.9962963104248047,
    "f1-score": 0.8762214660644532,
    "support": 270
  },
  "Stone-Steel-Towers": {
    "precision": 0.8873239135742188,
    "recall": 0.984375,
    "f1-score": 0.9333333587646484,
    "support": 64
  },
  "accuracy": 0.8724418278665546,
  "macro avg": {
    "precision": 0.8533890319776758,
    "recall": 0.9288552851397797,
    "f1-score": 0.8764256334587903,
    "support": 7134.0
  },
  "weighted avg": {
    "precision": 0.8784777373574395,
    "recall": 0.8724418278665546,
    "f1-score": 0.8736508814660138,
    "support": 7134.0
  },
  "torch_metrics": {
    "overall_accuracy": 87.24418640136719,
    "balanced_accuracy": 92.88552856445312,
    "average_accuracy": 92.88552856445312,
    "kappa": 85.50697326660156,
    "f1_macro": 87.6425552368164,
    "per_class_accuracy": {
      "0": 100.0,
      "1": 77.57757568359375,
      "2": 80.20654296875,
      "3": 100.0,
      "4": 94.674560546875,
      "5": 97.0645751953125,
      "6": 100.0,
      "7": 97.60478973388672,
      "8": 100.0,
      "9": 83.99412536621094,
      "10": 83.35273742675781,
      "11": 84.09638214111328,
      "12": 96.52777862548828,
      "13": 93.00225830078125,
      "14": 99.62963104248047,
      "15": 98.4375
    },
    "precision": {
      "0": 87.5,
      "1": 78.60040283203125,
      "2": 85.97785949707031,
      "3": 90.21739196777344,
      "4": 93.02326202392578,
      "5": 96.875,
      "6": 27.77777862548828,
      "7": 100.0,
      "8": 100.0,
      "9": 71.85929107666016,
      "10": 91.03623962402344,
      "11": 80.41474914550781,
      "12": 96.52777862548828,
      "13": 98.68263244628906,
      "14": 78.19767761230469,
      "15": 88.73239135742188
    },
    "recall": {
      "0": 100.0,
      "1": 77.57757568359375,
      "2": 80.20654296875,
      "3": 100.0,
      "4": 94.674560546875,
      "5": 97.0645751953125,
      "6": 100.0,
      "7": 97.60478973388672,
      "8": 100.0,
      "9": 83.99412536621094,
      "10": 83.35273742675781,
      "11": 84.09638214111328,
      "12": 96.52777862548828,
      "13": 93.00225830078125,
      "14": 99.62963104248047,
      "15": 98.4375
    },
    "f1_per_class": {
      "0": 93.33333587646484,
      "1": 78.08563995361328,
      "2": 82.99198913574219,
      "3": 94.85713958740234,
      "4": 93.84164428710938,
      "5": 96.96969604492188,
      "6": 43.47826385498047,
      "7": 98.78787994384766,
      "8": 100.0,
      "9": 77.45430755615234,
      "10": 87.02522277832031,
      "11": 82.21437072753906,
      "12": 96.52777862548828,
      "13": 95.75828552246094,
      "14": 87.62214660644531,
      "15": 93.33333587646484
    },
    "support": {
      "0": 21,
      "1": 999,
      "2": 581,
      "3": 166,
      "4": 338,
      "5": 511,
      "6": 5,
      "7": 334,
      "8": 1,
      "9": 681,
      "10": 1718,
      "11": 415,
      "12": 144,
      "13": 886,
      "14": 270,
      "15": 64
    },
    "predicted_count": {
      "0": 24,
      "1": 986,
      "2": 542,
      "3": 184,
      "4": 344,
      "5": 512,
      "6": 18,
      "7": 326,
      "8": 1,
      "9": 796,
      "10": 1573,
      "11": 434,
      "12": 144,
      "13": 835,
      "14": 344,
      "15": 71
    },