class_id,class_name,precision_percent,recall_percent,f1_percent,accuracy_percent,support,predicted_count
0,Alfalfa,100.0,100.0,100.0,100.0,21,21
1,Corn-notill,94.1849365234375,98.8989028930664,96.48436737060547,98.8989028930664,999,1049
2,Corn-mintill,98.64077758789062,87.43545532226562,92.70072937011719,87.43545532226562,581,515
3,Corn,96.8944091796875,93.97589874267578,95.412841796875,93.97589874267578,166,161
4,Grass-pasture,96.20991516113281,97.63313293457031,96.91629028320312,97.63313293457031,338,343
5,Grass-trees,98.63013458251953,98.63013458251953,98.63013458251953,98.63013458251953,511,511
6,Grass-pasture-mowed,41.666664123535156,100.0,58.82353210449219,100.0,5,12
7,Hay-windrowed,100.0,100.0,100.0,100.0,334,334
8,Oats,10.0,100.0,18.18181800842285,100.0,1,10
