{
  "Alfalfa": {
    "precision": 1.0,
    "recall": 1.0,
    "f1-score": 1.0,
    "support": 21
  },
  "Corn-notill": {
    "precision": 0.941849365234375,
    "recall": 0.9889890289306641,
    "f1-score": 0.9648436737060547,
    "support": 999
  },
  "Corn-mintill": {
    "precision": 0.9864077758789063,
    "recall": 0.8743545532226562,
    "f1-score": 0.9270072937011719,
    "support": 581
  },
  "Corn": {
    "precision": 0.968944091796875,
    "recall": 0.9397589874267578,
    "f1-score": 0.95412841796875,
    "support": 166
  },
  "Grass-pasture": {
    "precision": 0.9620991516113281,
    "recall": 0.9763313293457031,
    "f1-score": 0.9691629028320312,
    "support": 338
  },
  "Grass-trees": {
    "precision": 0.9863013458251954,
    "recall": 0.9863013458251954,
    "f1-score": 0.9863013458251954,
    "support": 511
  },
  "Grass-pasture-mowed": {
    "precision": 0.4166666412353516,
    "recall": 1.0,
    "f1-score": 0.5882353210449218,
    "support": 5
  },
  "Hay-windrowed": {
    "precision": 1.0,
    "recall": 1.0,
    "f1-score": 1.0,
    "support": 334
  },
  "Oats": {
    "precision": 0.1,
    "recall": 1.0,
    "f1-score": 0.1818181800842285,
    "support": 1
  },
  "accuracy": 0.963125845737483,
  "macro avg": {
    "precision": 0.8180298231806149,
    "recall": 0.9739705907827639,
    "f1-score": 0.8412774812256223,
    "support": 2956.0
  },
  "weighted avg": {
    "precision": 0.9679391075123992,
    "recall": 0.963125845737483,
    "f1-score": 0.964328672324171,
    "support": 2956.0
  },
  "torch_metrics": {
    "overall_accuracy": 96.31258392333984,
    "balanced_accuracy": 97.39706420898438,
    "average_accuracy": 97.39706420898438,
    "kappa": 95.31333923339844,
    "f1_macro": 84.12774658203125,
    "per_class_accuracy": {
      "0": 100.0,
      "1": 98.8989028930664,
      "2": 87.43545532226562,
      "3": 93.97589874267578,
      "4": 97.63313293457031,
      "5": 98.63013458251953,
      "6": 100.0,
      "7": 100.0,
      "8": 100.0
    },
    "precision": {
      "0": 100.0,
      "1": 94.1849365234375,
      "2": 98.64077758789062,
      "3": 96.8944091796875,
      "4": 96.20991516113281,
      "5": 98.63013458251953,
      "6": 41.666664123535156,
      "7": 100.0,
      "8": 10.0
    },
    "recall": {
      "0": 100.0,
      "1": 98.8989028930664,
      "2": 87.43545532226562,
      "3": 93.97589874267578,
      "4": 97.63313293457031,
      "5": 98.63013458251953,
      "6": 100.0,
      "7": 100.0,
      "8": 100.0
    },
    "f1_per_class": {
      "0": 100.0,
      "1": 96.48436737060547,
      "2": 92.70072937011719,
      "3": 95.412841796875,
      "4": 96.91629028320312,
      "5": 98.63013458251953,
      "6": 58.82353210449219,
      "7": 100.0,
      "8": 18.18181800842285
    },
    "support": {
      "0": 21,
      "1": 999,
      "2": 581,
      "3": 166,
      "4": 338,
      "5": 511,
      "6": 5,
      "7": 334,
      "8": 1
    },
    "predicted_count": {
      "0": 21,
      "1": 1049,
      "2": 515,
      "3": 161,
      "4": 343,
      "5": 511,
      "6": 12,
      "7": 334,
      "8": 10
    },
    "confusion_matrix": [
      [
        21,
        0,
        0,
        0,
        0,
        0,
        0,
        0,
        0
      ],
      [
        0,
        988,
        1,
        0,
        5,
        5,
        0,
        0,
        0
      ],
      [
        0,
        56,
        508,
        3,
        4,
        2,
        0,
        0,
        8
      ],
      [
        0,
        4,
        6,
        156,
        0,
        0,
        0,
        0,
        0
      ],
      [
        0,
        0,
        0,
        0,
        330,
        0,
        7,
        0,
        1
      ],
      [
        0,
        1,
        0,
        2,
        4,
        504,
        0,
        0,
        0
      ],
      [
        0,
        0,
        0,
        0,
        0,
        0,
        5,
        0,
        0
      ],
      [
        0,
        0,
        0,
        0,
        0,
        0,
        0,
        334,
        0
      ],
      [
        0,
        0,
        0,
        0,
        0,
        0,
        0,
        0,
        1
      ]
    ],
    "old_accuracy": 95.83332824707031,
    "new_accuracy": 100.0,
    "harmonic_mean": 97.8723373413086,
    "old_count": 2616,
    "new_count": 340,
    "invalid_prediction_rate": 0.0,
    "predicted_unseen_classes": [],
    "predicted_unseen_count": 0,
    "num_samples": 2956,
    "num_classes": 9,
    "classes": [
      0,
      1,
      2,
      3,
      4,
      5,
      6,
      7,
      8
    ]
  },
  "old_new_split": {
    "old_accuracy": 95.83332824707031,
    "new_accuracy": 100.0,
    "harmonic_mean": 97.8723373413086,
    "old_count": 2616,
    "new_count": 340
  },
  "invalid_prediction_rate": 0.0
}