{
  "Weeds_1": {
    "precision": 0.9921540832519531,
    "recall": 0.9893314361572265,
    "f1-score": 0.990740737915039,
    "support": 1406
  },
  "Weeds_2": {
    "precision": 0.9942572784423828,
    "recall": 0.9957821655273438,
    "f1-score": 0.9950191497802734,
    "support": 2608
  },
  "Fallow": {
    "precision": 1.0,
    "recall": 1.0,
    "f1-score": 1.0,
    "support": 1383
  },
  "Fallow_rough_plow": {
    "precision": 0.9779116821289062,
    "recall": 0.9979508209228516,
    "f1-score": 0.98782958984375,
    "support": 976
  },
  "Fallow_smooth": {
    "precision": 0.9989212799072266,
    "recall": 0.9882604217529297,
    "f1-score": 0.993562240600586,
    "support": 1874
  },
  "Stubble": {
    "precision": 1.0,
    "recall": 1.0,
    "f1-score": 1.0,
    "support": 2771
  },
  "accuracy": 0.9954619713196587,
  "macro avg": {
    "precision": 0.993874039612462,
    "recall": 0.995220811751762,
    "f1-score": 0.9945252906988303,
    "support": 11018.0
  },
  "weighted avg": {
    "precision": 0.9954993446416089,
    "recall": 0.9954619713196587,
    "f1-score": 0.9954663976528279,
    "support": 11018.0
  },
  "torch_metrics": {
    "overall_accuracy": 99.54620361328125,
    "balanced_accuracy": 99.52208709716797,
    "average_accuracy": 99.52208709716797,
    "kappa": 99.4411392211914,
    "f1_macro": 99.4525375366211,
    "per_class_accuracy": {
      "0": 98.93314361572266,
      "1": 99.57821655273438,
      "2": 100.0,
      "3": 99.79508209228516,
      "4": 98.82604217529297,
      "5": 100.0
    },
    "precision": {
      "0": 99.21540832519531,
      "1": 99.42572784423828,
      "2": 100.0,
      "3": 97.79116821289062,
      "4": 99.89212799072266,
      "5": 100.0
    },
    "recall": {
      "0": 98.93314361572266,
      "1": 99.57821655273438,
      "2": 100.0,
      "3": 99.79508209228516,
      "4": 98.82604217529297,
      "5": 100.0
    },
    "f1_per_class": {
      "0": 99.0740737915039,
      "1": 99.50191497802734,
      "2": 100.0,
      "3": 98.782958984375,
      "4": 99.3562240600586,
      "5": 100.0
    },
    "support": {
      "0": 1406,
      "1": 2608,
      "2": 1383,
      "3": 976,
      "4": 1874,
      "5": 2771
    },
    "predicted_count": {
      "0": 1402,
      "1": 2612,
      "2": 1383,
      "3": 996,
      "4": 1854,
      "5": 2771
    },
    "confusion_matrix": [
      [
        1391,
        15,
        0,
        0,
        0,
        0
      ],
      [
        11,
        2597,
        0,
        0,
        0,
        0
      ],
      [
        0,
        0,
        1383,
        0,
        0,
        0
      ],
      [
        0,
        0,
        0,
        974,
        2,
        0
      ],
      [
        0,
        0,
        0,
        22,
        1852,
        0
      ],
      [
        0,
        0,
        0,
        0,
        0,
        2771
      ]
    ],
    "old_accuracy": 0.0,
    "new_accuracy": 99.54620361328125,
    "harmonic_mean": 0.0,
    "old_count": 0,
    "new_count": 11018,
    "invalid_prediction_rate": 0.0,
    "predicted_unseen_classes": [],
    "predicted_unseen_count": 0,
    "num_samples": 11018,
    "num_classes": 6,
    "classes": [
      0,
      1,
      2,
      3,
      4,
      5
    ]
  },
  "invalid_prediction_rate": 0.0
}