{
  "Alfalfa": {
    "precision": 0.875,
    "recall": 1.0,
    "f1-score": 0.9333333587646484,
    "support": 21
  },
  "Corn-notill": {
    "precision": 0.7857142639160156,
    "recall": 0.7707707977294922,
    "f1-score": 0.7781707763671875,
    "support": 999
  },
  "Corn-mintill": {
    "precision": 0.8610603332519531,
    "recall": 0.8106712341308594,
    "f1-score": 0.8351063537597656,
    "support": 581
  },
  "Corn": {
    "precision": 0.9071038055419922,
    "recall": 1.0,
    "f1-score": 0.9512894439697266,
    "support": 166
  },
  "Grass-pasture": {
    "precision": 0.9413489532470704,
    "recall": 0.9497041320800781,
    "f1-score": 0.945508041381836,
    "support": 338
  },
  "Grass-trees": {
    "precision": 0.9652510070800782,
    "recall": 0.9784735870361329,
    "f1-score": 0.9718173217773437,
    "support": 511
  },
  "Grass-pasture-mowed": {
    "precision": 0.2777777862548828,
    "recall": 1.0,
    "f1-score": 0.4347826385498047,
    "support": 5
  },
  "Hay-windrowed": {
    "precision": 1.0,
    "recall": 0.9760478973388672,
    "f1-score": 0.9878787994384766,
    "support": 334
  },
  "Oats": {
    "precision": 1.0,
    "recall": 1.0,
    "f1-score": 1.0,
    "support": 1
  },
  "Soybean-notill": {
    "precision": 0.7240948486328125,
    "recall": 0.8516886901855468,
    "f1-score": 0.782726058959961,
    "support": 681
  },
  "Soybean-mintill": {
    "precision": 0.9111111450195313,
    "recall": 0.8352735900878906,
    "f1-score": 0.8715457153320313,
    "support": 1718
  },
  "Soybean-clean": {
    "precision": 0.7916667175292968,
    "recall": 0.8698795318603516,
    "f1-score": 0.8289322662353515,
    "support": 415
  },
  "accuracy": 0.8590987868284229,
  "macro avg": {
    "precision": 0.8366774013108625,
    "recall": 0.9202091199779799,
    "f1-score": 0.8600908928042376,
    "support": 5770.0
  },
  "weighted avg": {
    "precision": 0.8646284423897098,
    "recall": 0.8590987868284229,
    "f1-score": 0.860271771283902,
    "support": 5770.0
  },
  "torch_metrics": {
    "overall_accuracy": 85.90988159179688,
    "balanced_accuracy": 92.02091217041016,
    "average_accuracy": 92.02091217041016,
    "kappa": 83.26771545410156,
    "f1_macro": 86.00909423828125,
    "per_class_accuracy": {
      "0": 100.0,
      "1": 77.07707977294922,
      "2": 81.06712341308594,
      "3": 100.0,
      "4": 94.97041320800781,
      "5": 97.84735870361328,
      "6": 100.0,
      "7": 97.60478973388672,
      "8": 100.0,
      "9": 85.16886901855469,
      "10": 83.52735900878906,
      "11": 86.98795318603516
    },
    "precision": {
      "0": 87.5,
      "1": 78.57142639160156,
      "2": 86.10603332519531,
      "3": 90.71038055419922,
      "4": 94.13489532470703,
      "5": 96.52510070800781,
      "6": 27.77777862548828,
      "7": 100.0,
      "8": 100.0,
      "9": 72.40948486328125,
      "10": 91.11111450195312,
      "11": 79.16667175292969
    },
    "recall": {
      "0": 100.0,
      "1": 77.07707977294922,
      "2": 81.06712341308594,
      "3": 100.0,
      "4": 94.97041320800781,
      "5": 97.84735870361328,
      "6": 100.0,
      "7": 97.60478973388672,
      "8": 100.0,
      "9": 85.16886901855469,
      "10": 83.52735900878906,
      "11": 86.98795318603516
    },
    "f1_per_class": {
      "0": 93.33333587646484,
      "1": 77.81707763671875,
      "2": 83.51063537597656,
      "3": 95.12894439697266,
      "4": 94.5508041381836,
      "5": 97.18173217773438,
      "6": 43.47826385498047,
      "7": 98.78787994384766,
      "8": 100.0,
      "9": 78.2726058959961,
      "10": 87.15457153320312,
      "11": 82.89322662353516
    },
    "support": {
      "0": 21,
      "1": 999,
      "2": 581,
      "3": 166,
      "4": 338,
      "5": 511,
      "6": 5,
      "7": 334,
      "8": 1,
      "9": 681,
      "10": 1718,
      "11": 415
    },
    "predicted_count": {
      "0": 24,
      "1": 980,
      "2": 547,
      "3": 183,
      "4": 341,
      "5": 518,
      "6": 18,
      "7": 326,
      "8": 1,
      "9": 801,
      "10": 1575,
      "11": 456
    },
    "confusion_matrix": [
      [
        21,
        0,
        0,
        0,
        0,
        0,
        0,
        0,
        0,
        0,
        0,
        0
      ],
      [
        1,
        770,
        9,
        9,
        1,
        2,
        0,
        0,
        0,
        125,
        62,
        20
      ],
      [
        0,
        27,
        471,
        3,
        2,
        1,
        0,
        0,
        0,
        14,
        47,
        16
      ],
      [
        0,
        0,
        0,
        166,
        0,
        0,
        0,
        0,
        0,
        0,
        0,
        0
      ],
      [
        0,
        3,
        0,
        0,
        321,
        1,
        13,
        0,
        0,
        0,
        0,
        0
      ],
      [
        0,
        0,
        0,
        0,
        10,
        500,
        0,
        0,
        0,
        0,
        1,
        0
      ],
      [
        0,
        0,
        0,
        0,
        0,
        0,
        5,
        0,
        0,
        0,
        0,
        0
      ],
      [
        0,
        3,
        0,
        0,
        0,
        0,
        0,
        326,
        0,
        1,
        4,
        0
      ],
      [
        0,
        0,
        0,
        0,
        0,
        0,
        0,
        0,
        1,
        0,
        0,
        0
      ],
      [
        2,
        24,
        16,
        0,
        1,
        1,
        0,
        0,
        0,
        580,
        25,
        32
      ],
      [
        0,
        124,
        40,
        0,
        6,
        13,
        0,
        0,
        0,
        73,
        1435,
        27
      ],
      [
        0,
        29,
        11,
        5,
        0,
        0,
        0,
        0,
        0,
        8,
        1,
        361
      ]
    ],
    "old_accuracy": 87.31393432617188,
    "new_accuracy": 84.43496704101562,
    "harmonic_mean": 85.8503189086914,
    "old_count": 2956,
    "new_count": 2814,
    "invalid_prediction_rate": 0.0,
    "predicted_unseen_classes": [],
    "predicted_unseen_count": 0,
    "num_samples": 5770,
    "num_classes": 12,
    "classes": [
      0,
      1,
      2,
      3,
      4,
      5,
      6,
      7,
      8,
      9,
      10,
      11
    ]
  },
  "old_new_split": {
    "old_accuracy": 87.31393432617188,
    "new_accuracy": 84.43496704101562,
    "harmonic_mean": 85.8503189086914,
    "old_count": 2956,
    "new_count": 2814
  },
  "invalid_prediction_rate": 0.0
}